2024-09-24 06:55:29,752 [INFO] Activator:176 - 


2024-09-24 06:55:29,763 [INFO] Activator:177 - !SESSION log4j initialized
2024-09-24 06:55:33,440 [INFO] LogOutputStream:77 - [STDOUT_REDIRECT] 
2024-09-24 06:55:42,149 [INFO] ApplicationProperties:184 - Using Application install path: C:\ST\STM32CubeIDE_1.16.1\STM32CubeIDE\plugins\com.st.stm32cube.common.mx_6.12.1.202409122256
2024-09-24 06:55:42,163 [INFO] DbMcusXml:78 - Set database path to: C:\ST\STM32CubeIDE_1.16.1\STM32CubeIDE\plugins\com.st.stm32cube.common.mx_6.12.1.202409122256\\db\/mcu/
2024-09-24 06:55:42,163 [INFO] ApiDb:274 - Set plugin database path to: C:\ST\STM32CubeIDE_1.16.1\STM32CubeIDE\plugins\com.st.stm32cube.common.mx_6.12.1.202409122256\\db\/plugins/boardmanager/
2024-09-24 06:55:42,163 [WARN] ApiDb:259 - Overriding images path with different value:  => C:\ST\STM32CubeIDE_1.16.1\STM32CubeIDE\plugins\com.st.stm32cube.common.mx_6.12.1.202409122256\\db\/plugins/mcufinder/images/
2024-09-24 06:55:42,172 [INFO] ApiDb:250 - Set database path to: C:\Users\Lenovo\.stmcufinder\plugins\mcufinder//mcu/
2024-09-24 06:55:42,173 [INFO] DbMcusAds:125 - Set database path to: C:\Users\Lenovo\.stmcufinder\plugins\mcufinder//mcu/
2024-09-24 06:55:42,175 [INFO] CrossReferenceDbSqlite:203 - Set database path to: C:\Users\Lenovo\.stmcufinder\plugins\mcufinder//mcu/cs/
2024-09-24 06:55:42,259 [INFO] RulesReader:64 - Compatibility file has been processed (297 Rules)
2024-09-24 06:55:42,330 [INFO] DbMcusXml:78 - Set database path to: C:\ST\STM32CubeIDE_1.16.1\STM32CubeIDE\plugins\com.st.stm32cube.common.mx_6.12.1.202409122256\\db\/mcu/
2024-09-24 06:55:42,330 [INFO] ApiDb:274 - Set plugin database path to: C:\ST\STM32CubeIDE_1.16.1\STM32CubeIDE\plugins\com.st.stm32cube.common.mx_6.12.1.202409122256\\db\/plugins/boardmanager/
2024-09-24 06:55:42,330 [INFO] ApiDb:261 - Set plugin images path to: C:\ST\STM32CubeIDE_1.16.1\STM32CubeIDE\plugins\com.st.stm32cube.common.mx_6.12.1.202409122256\\db\/plugins/mcufinder/images/
2024-09-24 06:55:42,331 [WARN] DbFile:41 - Overriding database path with different value: C:\Users\Lenovo\.stmcufinder\plugins\mcufinder/ => C:\Users\Lenovo\.stmcufinder\plugins\mcufinder
2024-09-24 06:55:42,331 [INFO] ApiDb:250 - Set database path to: C:\Users\Lenovo\.stmcufinder\plugins\mcufinder//mcu/
2024-09-24 06:55:42,331 [WARN] DbFile:41 - Overriding database path with different value: C:\Users\Lenovo\.stmcufinder\plugins\mcufinder/ => C:\Users\Lenovo\.stmcufinder\plugins\mcufinder
2024-09-24 06:55:42,331 [INFO] DbMcusAds:125 - Set database path to: C:\Users\Lenovo\.stmcufinder\plugins\mcufinder//mcu/
2024-09-24 06:55:42,331 [WARN] DbFile:41 - Overriding database path with different value: C:\Users\Lenovo\.stmcufinder\plugins\mcufinder/ => C:\Users\Lenovo\.stmcufinder\plugins\mcufinder
2024-09-24 06:55:42,331 [WARN] DbFile:41 - Overriding database path with different value: C:\Users\Lenovo\.stmcufinder\plugins\mcufinder/ => C:\Users\Lenovo\.stmcufinder\plugins\mcufinder
2024-09-24 06:55:42,331 [INFO] CrossReferenceDbSqlite:203 - Set database path to: C:\Users\Lenovo\.stmcufinder\plugins\mcufinder//mcu/cs/
2024-09-24 06:55:42,407 [INFO] MainPanel:268 - HeapMemory: 268435456
2024-09-24 06:55:42,475 [INFO] DbMcusXml:78 - Set database path to: C:\ST\STM32CubeIDE_1.16.1\STM32CubeIDE\plugins\com.st.stm32cube.common.mx_6.12.1.202409122256\\db\/mcu/
2024-09-24 06:55:42,475 [INFO] ApiDb:274 - Set plugin database path to: C:\ST\STM32CubeIDE_1.16.1\STM32CubeIDE\plugins\com.st.stm32cube.common.mx_6.12.1.202409122256\\db\/plugins/boardmanager/
2024-09-24 06:55:42,475 [INFO] ApiDb:261 - Set plugin images path to: C:\ST\STM32CubeIDE_1.16.1\STM32CubeIDE\plugins\com.st.stm32cube.common.mx_6.12.1.202409122256\\db\/plugins/mcufinder/images/
2024-09-24 06:55:42,475 [WARN] DbFile:41 - Overriding database path with different value: C:\Users\Lenovo\.stmcufinder\plugins\mcufinder/ => C:\Users\Lenovo\.stmcufinder\plugins\mcufinder
2024-09-24 06:55:42,475 [INFO] ApiDb:250 - Set database path to: C:\Users\Lenovo\.stmcufinder\plugins\mcufinder//mcu/
2024-09-24 06:55:42,475 [WARN] DbFile:41 - Overriding database path with different value: C:\Users\Lenovo\.stmcufinder\plugins\mcufinder/ => C:\Users\Lenovo\.stmcufinder\plugins\mcufinder
2024-09-24 06:55:42,475 [INFO] DbMcusAds:125 - Set database path to: C:\Users\Lenovo\.stmcufinder\plugins\mcufinder//mcu/
2024-09-24 06:55:42,476 [WARN] DbFile:41 - Overriding database path with different value: C:\Users\Lenovo\.stmcufinder\plugins\mcufinder/ => C:\Users\Lenovo\.stmcufinder\plugins\mcufinder
2024-09-24 06:55:42,476 [WARN] DbFile:41 - Overriding database path with different value: C:\Users\Lenovo\.stmcufinder\plugins\mcufinder/ => C:\Users\Lenovo\.stmcufinder\plugins\mcufinder
2024-09-24 06:55:42,476 [INFO] CrossReferenceDbSqlite:203 - Set database path to: C:\Users\Lenovo\.stmcufinder\plugins\mcufinder//mcu/cs/
2024-09-24 06:55:42,493 [INFO] ApplicationProperties:184 - Using Application install path: C:\ST\STM32CubeIDE_1.16.1\STM32CubeIDE\plugins\com.st.stm32cube.common.mx_6.12.1.202409122256
2024-09-24 06:55:42,494 [INFO] PluginManage:196 - Search for loadable plugins [exclusion list=, ]
2024-09-24 06:55:42,495 [INFO] PluginManage:310 - Check plugin analytics
2024-09-24 06:55:42,625 [INFO] AnalyticsPlugin:253 - Accepted Software Licenses: STM32CubeMX.6.12.0
2024-09-24 06:55:42,625 [INFO] AnalyticsPlugin:255 - Accepted CMSIS Pack Licenses: 
2024-09-24 06:55:42,625 [INFO] AnalyticsPlugin:257 - Accepted Firmware Licenses: FW.F4.1.28.0
2024-09-24 06:55:42,627 [INFO] PluginManage:359 - Loaded plugin analytics (category:tool,tabindex:-1)
2024-09-24 06:55:42,627 [INFO] PluginManage:310 - Check plugin cadmodel
2024-09-24 06:55:42,633 [INFO] CADModel:105 - Init CAD model plugin
2024-09-24 06:55:42,633 [INFO] PluginManage:359 - Loaded plugin cadmodel (category:power,tabindex:5)
2024-09-24 06:55:42,633 [INFO] PluginManage:310 - Check plugin clock
2024-09-24 06:55:42,643 [INFO] PluginManage:359 - Loaded plugin clock (category:base,tabindex:2)
2024-09-24 06:55:42,643 [INFO] PluginManage:310 - Check plugin ddr
2024-09-24 06:55:42,645 [INFO] PluginManage:359 - Loaded plugin ddr (category:tool,tabindex:6)
2024-09-24 06:55:42,645 [INFO] PluginManage:310 - Check plugin filemanager
2024-09-24 06:55:42,769 [INFO] PluginManage:359 - Loaded plugin filemanager (category:base,tabindex:10)
2024-09-24 06:55:42,769 [INFO] PluginManage:310 - Check plugin ipmanager
2024-09-24 06:55:42,778 [INFO] PluginManage:359 - Loaded plugin ipmanager (category:base,tabindex:5)
2024-09-24 06:55:42,778 [INFO] PluginManage:310 - Check plugin lpbam
2024-09-24 06:55:42,787 [INFO] PluginManage:359 - Loaded plugin lpbam (category:base,tabindex:0)
2024-09-24 06:55:42,787 [INFO] PluginManage:310 - Check plugin memorymap
2024-09-24 06:55:42,798 [INFO] PluginManage:359 - Loaded plugin memorymap (category:base,tabindex:4)
2024-09-24 06:55:42,798 [INFO] PluginManage:310 - Check plugin pinoutandconfiguration
2024-09-24 06:55:42,805 [INFO] PluginManage:359 - Loaded plugin pinoutandconfiguration (category:base,tabindex:1)
2024-09-24 06:55:42,805 [INFO] PluginManage:310 - Check plugin pinoutconfig
2024-09-24 06:55:42,873 [WARN] SupportedApi:132 - Cannot load RTOS API schema: s4s-elt-must-match.1: The content of 'definitions' must match (annotation?, (simpleType | complexType)?, (unique | key | keyref)*)). A problem was found starting at: attribute.
2024-09-24 06:55:42,965 [INFO] PluginManage:359 - Loaded plugin pinoutconfig (category:base,tabindex:0)
2024-09-24 06:55:42,966 [INFO] PluginManage:310 - Check plugin power
2024-09-24 06:55:42,976 [INFO] PluginManage:359 - Loaded plugin power (category:power,tabindex:4)
2024-09-24 06:55:42,976 [INFO] PluginManage:310 - Check plugin projectmanager
2024-09-24 06:55:42,987 [INFO] PluginManage:359 - Loaded plugin projectmanager (category:projectmanager,tabindex:4)
2024-09-24 06:55:42,988 [INFO] PluginManage:310 - Check plugin rif
2024-09-24 06:55:42,993 [INFO] PluginManage:359 - Loaded plugin rif (category:base,tabindex:3)
2024-09-24 06:55:42,993 [INFO] PluginManage:310 - Check plugin thirdparty
2024-09-24 06:55:43,111 [INFO] PluginManage:359 - Loaded plugin thirdparty (category:base,tabindex:-1)
2024-09-24 06:55:43,111 [WARN] IntegrityCheckThread:84 - waiting for thirdparty lock release [integrity check]
2024-09-24 06:55:43,111 [INFO] IntegrityCheckThread:86 - entering critical section [integrity check]
2024-09-24 06:55:43,111 [INFO] PluginManage:310 - Check plugin tools
2024-09-24 06:55:43,111 [INFO] ThirdPartyUpdaterWithRetryManager:70 - Updater plugin not ready yet. [1/15]
2024-09-24 06:55:43,114 [INFO] PluginManage:359 - Loaded plugin tools (category:base,tabindex:7)
2024-09-24 06:55:43,114 [INFO] PluginManage:310 - Check plugin tutovideos
2024-09-24 06:55:43,242 [INFO] PluginManage:359 - Loaded plugin tutovideos (category:base,tabindex:-1)
2024-09-24 06:55:43,242 [INFO] PluginManage:310 - Check plugin updater
2024-09-24 06:55:43,255 [INFO] PluginManage:359 - Loaded plugin updater (category:base,tabindex:12)
2024-09-24 06:55:43,255 [INFO] PluginManage:310 - Check plugin userauth
2024-09-24 06:55:43,260 [INFO] UserAuth:113 - Init User Auth plugin
2024-09-24 06:55:43,260 [INFO] PluginManage:359 - Loaded plugin userauth (category:base,tabindex:14)
2024-09-24 06:55:43,260 [INFO] PluginManage:283 - PluginManage : Loaded plugins [18]
2024-09-24 06:55:43,449 [INFO] PinOutPanel:1561 - setPackage(No Configuration,No Configuration)
2024-09-24 06:55:43,535 [INFO] CADModel:165 - CPN selected for project level
2024-09-24 06:55:43,535 [INFO] CADModel:114 - Register for checkConnection events
2024-09-24 06:55:43,551 [INFO] IPUIPlugin:80 - create IPUIPlugin
2024-09-24 06:55:43,551 [INFO] PluginManager:220 - loadIPPluginJar : add adc
2024-09-24 06:55:43,554 [INFO] IPUIPlugin:80 - create IPUIPlugin
2024-09-24 06:55:43,554 [INFO] PluginManager:220 - loadIPPluginJar : add aes
2024-09-24 06:55:43,557 [INFO] IPUIPlugin:80 - create IPUIPlugin
2024-09-24 06:55:43,557 [INFO] PluginManager:220 - loadIPPluginJar : add can
2024-09-24 06:55:43,559 [INFO] IPUIPlugin:80 - create IPUIPlugin
2024-09-24 06:55:43,559 [INFO] PluginManager:220 - loadIPPluginJar : add comp
2024-09-24 06:55:43,562 [INFO] IPUIPlugin:80 - create IPUIPlugin
2024-09-24 06:55:43,562 [INFO] PluginManager:220 - loadIPPluginJar : add cryp
2024-09-24 06:55:43,565 [INFO] IPUIPlugin:80 - create IPUIPlugin
2024-09-24 06:55:43,565 [INFO] PluginManager:220 - loadIPPluginJar : add ddr_ctrl_phy
2024-09-24 06:55:43,567 [INFO] IPUIPlugin:80 - create IPUIPlugin
2024-09-24 06:55:43,567 [INFO] PluginManager:220 - loadIPPluginJar : add dfsdm
2024-09-24 06:55:43,572 [INFO] IPUIPlugin:80 - create IPUIPlugin
2024-09-24 06:55:43,572 [INFO] PluginManager:220 - loadIPPluginJar : add dma
2024-09-24 06:55:43,575 [INFO] IPUIPlugin:80 - create IPUIPlugin
2024-09-24 06:55:43,575 [INFO] PluginManager:220 - loadIPPluginJar : add dma3
2024-09-24 06:55:43,577 [INFO] IPUIPlugin:80 - create IPUIPlugin
2024-09-24 06:55:43,577 [INFO] PluginManager:220 - loadIPPluginJar : add extmemmanager
2024-09-24 06:55:43,579 [INFO] IPUIPlugin:80 - create IPUIPlugin
2024-09-24 06:55:43,579 [INFO] PluginManager:220 - loadIPPluginJar : add fatfs
2024-09-24 06:55:43,583 [INFO] IPUIPlugin:80 - create IPUIPlugin
2024-09-24 06:55:43,583 [INFO] PluginManager:220 - loadIPPluginJar : add fmc
2024-09-24 06:55:43,588 [INFO] IPUIPlugin:80 - create IPUIPlugin
2024-09-24 06:55:43,588 [INFO] PluginManager:220 - loadIPPluginJar : add freertos
2024-09-24 06:55:43,591 [INFO] IPUIPlugin:80 - create IPUIPlugin
2024-09-24 06:55:43,591 [INFO] PluginManager:220 - loadIPPluginJar : add genericplugin
2024-09-24 06:55:43,593 [INFO] IPUIPlugin:80 - create IPUIPlugin
2024-09-24 06:55:43,593 [INFO] PluginManager:220 - loadIPPluginJar : add gfxmmu
2024-09-24 06:55:43,597 [INFO] IPUIPlugin:80 - create IPUIPlugin
2024-09-24 06:55:43,597 [INFO] PluginManager:220 - loadIPPluginJar : add gic
2024-09-24 06:55:43,600 [INFO] IPUIPlugin:80 - create IPUIPlugin
2024-09-24 06:55:43,600 [INFO] PluginManager:220 - loadIPPluginJar : add gpio
2024-09-24 06:55:43,603 [INFO] IPUIPlugin:80 - create IPUIPlugin
2024-09-24 06:55:43,603 [INFO] PluginManager:220 - loadIPPluginJar : add gtzc
2024-09-24 06:55:43,605 [INFO] IPUIPlugin:80 - create IPUIPlugin
2024-09-24 06:55:43,605 [INFO] PluginManager:220 - loadIPPluginJar : add hash
2024-09-24 06:55:43,608 [INFO] IPUIPlugin:80 - create IPUIPlugin
2024-09-24 06:55:43,608 [INFO] PluginManager:220 - loadIPPluginJar : add i2c
2024-09-24 06:55:43,611 [INFO] IPUIPlugin:80 - create IPUIPlugin
2024-09-24 06:55:43,611 [INFO] PluginManager:220 - loadIPPluginJar : add i2s
2024-09-24 06:55:43,613 [INFO] IPUIPlugin:80 - create IPUIPlugin
2024-09-24 06:55:43,613 [INFO] PluginManager:220 - loadIPPluginJar : add i3c
2024-09-24 06:55:43,616 [INFO] IPUIPlugin:80 - create IPUIPlugin
2024-09-24 06:55:43,616 [INFO] PluginManager:220 - loadIPPluginJar : add ipddr
2024-09-24 06:55:43,622 [INFO] IPUIPlugin:80 - create IPUIPlugin
2024-09-24 06:55:43,622 [INFO] PluginManager:220 - loadIPPluginJar : add linkedlist
2024-09-24 06:55:43,625 [INFO] IPUIPlugin:80 - create IPUIPlugin
2024-09-24 06:55:43,625 [INFO] PluginManager:220 - loadIPPluginJar : add lorawan
2024-09-24 06:55:43,626 [INFO] IPUIPlugin:80 - create IPUIPlugin
2024-09-24 06:55:43,626 [INFO] PluginManager:220 - loadIPPluginJar : add ltdc
2024-09-24 06:55:43,630 [INFO] IPUIPlugin:80 - create IPUIPlugin
2024-09-24 06:55:43,630 [INFO] PluginManager:220 - loadIPPluginJar : add mdma
2024-09-24 06:55:43,634 [INFO] IPUIPlugin:80 - create IPUIPlugin
2024-09-24 06:55:43,634 [INFO] PluginManager:220 - loadIPPluginJar : add nvic
2024-09-24 06:55:43,637 [INFO] IPUIPlugin:80 - create IPUIPlugin
2024-09-24 06:55:43,637 [INFO] PluginManager:220 - loadIPPluginJar : add opamp
2024-09-24 06:55:43,641 [INFO] IPUIPlugin:80 - create IPUIPlugin
2024-09-24 06:55:43,641 [INFO] PluginManager:220 - loadIPPluginJar : add openamp
2024-09-24 06:55:43,644 [INFO] IPUIPlugin:80 - create IPUIPlugin
2024-09-24 06:55:43,644 [INFO] PluginManager:220 - loadIPPluginJar : add pdm2pcm
2024-09-24 06:55:43,648 [INFO] IPUIPlugin:80 - create IPUIPlugin
2024-09-24 06:55:43,650 [INFO] PluginManager:220 - loadIPPluginJar : add plateformsettings
2024-09-24 06:55:43,652 [INFO] IPUIPlugin:80 - create IPUIPlugin
2024-09-24 06:55:43,652 [INFO] PluginManager:220 - loadIPPluginJar : add quadspi
2024-09-24 06:55:43,654 [INFO] IPUIPlugin:80 - create IPUIPlugin
2024-09-24 06:55:43,655 [INFO] PluginManager:220 - loadIPPluginJar : add radio
2024-09-24 06:55:43,658 [INFO] IPUIPlugin:80 - create IPUIPlugin
2024-09-24 06:55:43,658 [INFO] PluginManager:220 - loadIPPluginJar : add resmgrutility
2024-09-24 06:55:43,661 [INFO] IPUIPlugin:80 - create IPUIPlugin
2024-09-24 06:55:43,661 [INFO] PluginManager:220 - loadIPPluginJar : add sai
2024-09-24 06:55:43,663 [INFO] IPUIPlugin:80 - create IPUIPlugin
2024-09-24 06:55:43,663 [INFO] PluginManager:220 - loadIPPluginJar : add spi
2024-09-24 06:55:43,668 [INFO] IPUIPlugin:80 - create IPUIPlugin
2024-09-24 06:55:43,668 [INFO] PluginManager:220 - loadIPPluginJar : add stm32_wpan
2024-09-24 06:55:43,670 [INFO] IPUIPlugin:80 - create IPUIPlugin
2024-09-24 06:55:43,670 [INFO] PluginManager:220 - loadIPPluginJar : add tim
2024-09-24 06:55:43,672 [INFO] IPUIPlugin:80 - create IPUIPlugin
2024-09-24 06:55:43,673 [INFO] PluginManager:220 - loadIPPluginJar : add touchsensing
2024-09-24 06:55:43,676 [INFO] IPUIPlugin:80 - create IPUIPlugin
2024-09-24 06:55:43,676 [INFO] PluginManager:220 - loadIPPluginJar : add tracer_emb
2024-09-24 06:55:43,677 [INFO] IPUIPlugin:80 - create IPUIPlugin
2024-09-24 06:55:43,678 [INFO] PluginManager:220 - loadIPPluginJar : add ts
2024-09-24 06:55:43,679 [INFO] IPUIPlugin:80 - create IPUIPlugin
2024-09-24 06:55:43,679 [INFO] PluginManager:220 - loadIPPluginJar : add tsc
2024-09-24 06:55:43,681 [INFO] IPUIPlugin:80 - create IPUIPlugin
2024-09-24 06:55:43,682 [INFO] PluginManager:220 - loadIPPluginJar : add ucpd
2024-09-24 06:55:43,684 [INFO] IPUIPlugin:80 - create IPUIPlugin
2024-09-24 06:55:43,684 [INFO] PluginManager:220 - loadIPPluginJar : add usart
2024-09-24 06:55:43,687 [INFO] IPUIPlugin:80 - create IPUIPlugin
2024-09-24 06:55:43,687 [INFO] PluginManager:220 - loadIPPluginJar : add usbx
2024-09-24 06:55:43,815 [INFO] CADModel:165 - CPN selected for project level
2024-09-24 06:55:43,815 [INFO] CADModel:114 - Register for checkConnection events
2024-09-24 06:55:43,815 [FATAL] Updater:334 - Updater called before beeing initialized
2024-09-24 06:55:43,816 [ERROR] CADModel:125 - Updater not yet initialized, retry later 
2024-09-24 06:55:43,912 [INFO] CADModel:165 - CPN selected for project level
2024-09-24 06:55:43,912 [INFO] CADModel:114 - Register for checkConnection events
2024-09-24 06:55:43,913 [FATAL] Updater:334 - Updater called before beeing initialized
2024-09-24 06:55:43,913 [ERROR] CADModel:125 - Updater not yet initialized, retry later 
2024-09-24 06:55:43,915 [FATAL] Updater:334 - Updater called before beeing initialized
2024-09-24 06:55:44,007 [FATAL] Updater:334 - Updater called before beeing initialized
2024-09-24 06:55:44,010 [INFO] DbMcusAds:53 - JSON generation date=Fri Sep 20 16:04:23 TRT 2024 (1726837463113)
2024-09-24 06:55:44,010 [FATAL] Updater:334 - Updater called before beeing initialized
2024-09-24 06:55:44,046 [WARN] DetailPanel:346 - Failed to get advertising image, set to default
2024-09-24 06:55:44,110 [FATAL] Updater:334 - Updater called before beeing initialized
2024-09-24 06:55:44,111 [FATAL] Updater:334 - Updater called before beeing initialized
2024-09-24 06:55:44,111 [FATAL] Updater:334 - Updater called before beeing initialized
2024-09-24 06:55:44,111 [WARN] DetailPanel:346 - Failed to get advertising image, set to default
2024-09-24 06:55:44,112 [FATAL] Updater:334 - Updater called before beeing initialized
2024-09-24 06:55:44,152 [ERROR] Updater:1164 - MainUpdater not yet initialized. External WinMGr cannot be set.
2024-09-24 06:55:44,155 [INFO] Updater:1100 - Updater Version found : 6.12.1
2024-09-24 06:55:44,168 [INFO] ApplicationProperties:184 - Using Application install path: C:\ST\STM32CubeIDE_1.16.1\STM32CubeIDE\plugins\com.st.stm32cube.common.mx_6.12.1.202409122256
2024-09-24 06:55:44,698 [INFO] MainUpdater:2873 - connection check result : 10
2024-09-24 06:55:44,699 [INFO] MainUpdater:290 - Updater Check For Update Now.
2024-09-24 06:55:44,699 [INFO] MicroXplorer:498 - Change Database Version : DB.6.0.121
2024-09-24 06:55:44,748 [INFO] McuFinderGlobals:63 - Set McuFinder mode to 2 (CubeIDE integrated)
2024-09-24 06:55:44,748 [INFO] UserAuth:179 - activating auth plugin
2024-09-24 06:55:44,751 [INFO] UserAuth:417 - Internet connection configuration mode: 1
2024-09-24 06:55:44,768 [INFO] JxBrowserEngine:152 - Initiate JxBrowser Engine with user profile folder
2024-09-24 06:55:44,906 [INFO] CheckServerUpdateThread:120 - End of CheckServer Thread
2024-09-24 06:55:46,438 [WARN] PackLoader:240 - Cannot read IP mode file for STMicroelectronics.FP-SNS-MOTENVWB1.1.4.0
2024-09-24 06:55:46,454 [WARN] PackLoader:240 - Cannot read IP mode file for STMicroelectronics.X-CUBE-SMBUS.2.1.0
2024-09-24 06:55:46,509 [WARN] PackLoader:240 - Cannot read IP mode file for STMicroelectronics.X-CUBE-AZRTOS-F7.1.1.0
2024-09-24 06:55:46,510 [INFO] WebApp:167 - Instantiating new browser for Auth
2024-09-24 06:55:46,596 [WARN] PackLoader:240 - Cannot read IP mode file for STMicroelectronics.X-CUBE-MEMS1.11.0.0
2024-09-24 06:55:46,752 [WARN] PackLoader:240 - Cannot read IP mode file for STMicroelectronics.FP-SNS-FLIGHT1.5.0.2
2024-09-24 06:55:46,764 [WARN] PackLoader:240 - Cannot read IP mode file for STMicroelectronics.X-CUBE-DISPLAY.3.0.0
2024-09-24 06:55:46,774 [WARN] PackLoader:240 - Cannot read IP mode file for STMicroelectronics.X-CUBE-BLE1.7.0.0
2024-09-24 06:55:46,780 [WARN] PackLoader:240 - Cannot read IP mode file for emotas.I-CUBE-CANOPEN.1.3.0
2024-09-24 06:55:46,790 [WARN] PackLoader:240 - Cannot read IP mode file for STMicroelectronics.X-CUBE-BLEMGR.3.1.0
2024-09-24 06:55:46,797 [WARN] PackLoader:240 - Cannot read IP mode file for STMicroelectronics.FP-SNS-SMARTAG2.1.2.0
2024-09-24 06:55:46,808 [INFO] LogOutputStream:77 - [STDOUT_REDIRECT] 1 : Invalid condition id : UX_CORESTACK_Condition cause : null
2024-09-24 06:55:46,808 [INFO] LogOutputStream:77 - [STDOUT_REDIRECT] 1 : Invalid condition id : UX_CORESTACK_Condition cause : null
2024-09-24 06:55:46,809 [INFO] LogOutputStream:77 - [STDOUT_REDIRECT] 1 : Invalid condition id : UX_CORESTACK_Condition cause : null
2024-09-24 06:55:46,811 [INFO] LogOutputStream:77 - [STDOUT_REDIRECT] 1 : Invalid condition id : UX_CORESTACK_Condition cause : null
2024-09-24 06:55:46,812 [INFO] LogOutputStream:77 - [STDOUT_REDIRECT] 1 : Invalid condition id : UX_CORESTACK_Condition cause : null
2024-09-24 06:55:46,813 [WARN] PackLoader:240 - Cannot read IP mode file for STMicroelectronics.X-CUBE-AZRTOS-WL.2.0.0
2024-09-24 06:55:46,818 [WARN] PackLoader:240 - Cannot read IP mode file for STMicroelectronics.FP-SNS-MOTENV1.5.0.0
2024-09-24 06:55:46,825 [WARN] PackLoader:240 - Cannot read IP mode file for wolfSSL.I-CUBE-wolfMQTT.1.19.0
2024-09-24 06:55:46,831 [WARN] PackLoader:240 - Cannot read IP mode file for WES.I-CUBE-Cesium.1.3.0
2024-09-24 06:55:46,838 [WARN] PackLoader:240 - Cannot read IP mode file for STMicroelectronics.X-CUBE-BLE2.3.3.0
2024-09-24 06:55:46,843 [WARN] PackLoader:240 - Cannot read IP mode file for STMicroelectronics.X-CUBE-TCPP.4.1.0
2024-09-24 06:55:46,858 [WARN] PackLoader:240 - Cannot read IP mode file for STMicroelectronics.X-CUBE-AZRTOS-G0.1.1.0
2024-09-24 06:55:46,865 [WARN] PackLoader:240 - Cannot read IP mode file for STMicroelectronics.X-CUBE-SAFEA1.1.2.2
2024-09-24 06:55:46,873 [WARN] PackLoader:240 - Cannot read IP mode file for STMicroelectronics.X-CUBE-NFC4.3.0.0
2024-09-24 06:55:46,881 [WARN] PackLoader:240 - Cannot read IP mode file for EmbeddedOffice.I-CUBE-FS-RTOS.1.0.1
2024-09-24 06:55:46,881 [ERROR] ConditionMgr:805 - Attr not supported : Dmpu
2024-09-24 06:55:46,882 [ERROR] ConditionMgr:805 - Attr not supported : Dmpu
2024-09-24 06:55:46,882 [ERROR] ConditionMgr:805 - Attr not supported : Dmpu
2024-09-24 06:55:46,882 [ERROR] ConditionMgr:805 - Attr not supported : Dmpu
2024-09-24 06:55:46,882 [ERROR] ConditionMgr:805 - Attr not supported : Dmpu
2024-09-24 06:55:46,882 [ERROR] ConditionMgr:805 - Attr not supported : Dmpu
2024-09-24 06:55:46,882 [ERROR] ConditionMgr:805 - Attr not supported : Dmpu
2024-09-24 06:55:46,882 [ERROR] ConditionMgr:805 - Attr not supported : Dmpu
2024-09-24 06:55:46,882 [ERROR] ConditionMgr:805 - Attr not supported : Dmpu
2024-09-24 06:55:46,882 [ERROR] ConditionMgr:805 - Attr not supported : Dmpu
2024-09-24 06:55:46,882 [ERROR] ConditionMgr:805 - Attr not supported : Dmpu
2024-09-24 06:55:46,882 [ERROR] ConditionMgr:805 - Attr not supported : Dmpu
2024-09-24 06:55:46,882 [ERROR] ConditionMgr:805 - Attr not supported : Dmpu
2024-09-24 06:55:46,882 [ERROR] ConditionMgr:805 - Attr not supported : Dmpu
2024-09-24 06:55:46,882 [ERROR] ConditionMgr:805 - Attr not supported : Dmpu
2024-09-24 06:55:46,882 [ERROR] ConditionMgr:805 - Attr not supported : Dmpu
2024-09-24 06:55:46,882 [ERROR] ConditionMgr:805 - Attr not supported : Dmpu
2024-09-24 06:55:46,882 [ERROR] ConditionMgr:805 - Attr not supported : Dmpu
2024-09-24 06:55:46,883 [ERROR] ConditionMgr:805 - Attr not supported : Dmpu
2024-09-24 06:55:46,883 [ERROR] ConditionMgr:805 - Attr not supported : Dmpu
2024-09-24 06:55:46,883 [ERROR] ConditionMgr:805 - Attr not supported : Dmpu
2024-09-24 06:55:46,883 [ERROR] ConditionMgr:805 - Attr not supported : Dmpu
2024-09-24 06:55:46,883 [ERROR] ConditionMgr:805 - Attr not supported : Dmpu
2024-09-24 06:55:46,883 [ERROR] ConditionMgr:805 - Attr not supported : Dmpu
2024-09-24 06:55:46,883 [ERROR] ConditionMgr:805 - Attr not supported : Dmpu
2024-09-24 06:55:46,883 [ERROR] ConditionMgr:805 - Attr not supported : Dmpu
2024-09-24 06:55:46,883 [ERROR] ConditionMgr:805 - Attr not supported : Dmpu
2024-09-24 06:55:46,883 [ERROR] ConditionMgr:805 - Attr not supported : Dmpu
2024-09-24 06:55:46,883 [ERROR] ConditionMgr:805 - Attr not supported : Dmpu
2024-09-24 06:55:46,883 [ERROR] ConditionMgr:805 - Attr not supported : Dmpu
2024-09-24 06:55:46,883 [ERROR] ConditionMgr:805 - Attr not supported : Dmpu
2024-09-24 06:55:46,883 [ERROR] ConditionMgr:805 - Attr not supported : Dmpu
2024-09-24 06:55:46,883 [ERROR] ConditionMgr:805 - Attr not supported : Dmpu
2024-09-24 06:55:46,883 [ERROR] ConditionMgr:805 - Attr not supported : Dmpu
2024-09-24 06:55:46,883 [ERROR] ConditionMgr:805 - Attr not supported : Dmpu
2024-09-24 06:55:46,883 [ERROR] ConditionMgr:805 - Attr not supported : Dmpu
2024-09-24 06:55:46,884 [ERROR] ConditionMgr:805 - Attr not supported : Dmpu
2024-09-24 06:55:46,884 [ERROR] ConditionMgr:805 - Attr not supported : Dmpu
2024-09-24 06:55:46,884 [ERROR] ConditionMgr:805 - Attr not supported : Dmpu
2024-09-24 06:55:46,884 [ERROR] ConditionMgr:805 - Attr not supported : Dmpu
2024-09-24 06:55:46,884 [ERROR] ConditionMgr:805 - Attr not supported : Dmpu
2024-09-24 06:55:46,884 [ERROR] ConditionMgr:805 - Attr not supported : Dmpu
2024-09-24 06:55:46,884 [ERROR] ConditionMgr:805 - Attr not supported : Dmpu
2024-09-24 06:55:46,884 [ERROR] ConditionMgr:805 - Attr not supported : Dmpu
2024-09-24 06:55:46,884 [ERROR] ConditionMgr:805 - Attr not supported : Dmpu
2024-09-24 06:55:46,884 [ERROR] ConditionMgr:805 - Attr not supported : Dmpu
2024-09-24 06:55:46,884 [ERROR] ConditionMgr:805 - Attr not supported : Dmpu
2024-09-24 06:55:46,884 [ERROR] ConditionMgr:805 - Attr not supported : Dmpu
2024-09-24 06:55:46,884 [ERROR] ConditionMgr:805 - Attr not supported : Dmpu
2024-09-24 06:55:46,884 [ERROR] ConditionMgr:805 - Attr not supported : Dmpu
2024-09-24 06:55:46,884 [ERROR] ConditionMgr:805 - Attr not supported : Dmpu
2024-09-24 06:55:46,884 [ERROR] ConditionMgr:805 - Attr not supported : Dmpu
2024-09-24 06:55:46,885 [ERROR] ConditionMgr:805 - Attr not supported : Dmpu
2024-09-24 06:55:46,885 [ERROR] ConditionMgr:805 - Attr not supported : Dmpu
2024-09-24 06:55:46,885 [ERROR] ConditionMgr:805 - Attr not supported : Dmpu
2024-09-24 06:55:46,885 [ERROR] ConditionMgr:805 - Attr not supported : Dmpu
2024-09-24 06:55:46,885 [ERROR] ConditionMgr:805 - Attr not supported : Dmpu
2024-09-24 06:55:46,885 [ERROR] ConditionMgr:805 - Attr not supported : Dmpu
2024-09-24 06:55:46,885 [ERROR] ConditionMgr:805 - Attr not supported : Dmpu
2024-09-24 06:55:46,885 [ERROR] ConditionMgr:805 - Attr not supported : Dmpu
2024-09-24 06:55:46,885 [ERROR] ConditionMgr:805 - Attr not supported : Dmpu
2024-09-24 06:55:46,885 [ERROR] ConditionMgr:805 - Attr not supported : Dmpu
2024-09-24 06:55:46,885 [ERROR] ConditionMgr:805 - Attr not supported : Dmpu
2024-09-24 06:55:46,885 [ERROR] ConditionMgr:805 - Attr not supported : Dmpu
2024-09-24 06:55:46,892 [WARN] PackLoader:240 - Cannot read IP mode file for RealThread.X-CUBE-RT-Thread_Nano.4.1.1
2024-09-24 06:55:46,896 [WARN] PackLoader:240 - Cannot read IP mode file for STMicroelectronics.FP-ATR-SIGFOX1.3.2.0
2024-09-24 06:55:46,901 [WARN] PackLoader:240 - Cannot read IP mode file for wolfSSL.I-CUBE-wolfSSL.5.7.2
2024-09-24 06:55:46,910 [WARN] PackLoader:240 - Cannot read IP mode file for STMicroelectronics.X-CUBE-EEPRMA1.5.1.0
2024-09-24 06:55:46,917 [WARN] PackLoader:240 - Cannot read IP mode file for ITTIA_DB.I-CUBE-ITTIADB.8.9.0
2024-09-24 06:55:46,947 [WARN] PackLoader:240 - Cannot read IP mode file for SEGGER.I-CUBE-embOS.1.3.1
2024-09-24 06:55:46,993 [WARN] PackLoader:240 - Cannot read IP mode file for STMicroelectronics.X-CUBE-ALGOBUILD.1.4.0
2024-09-24 06:55:47,009 [WARN] PackLoader:240 - Cannot read IP mode file for STMicroelectronics.X-CUBE-AZRTOS-F4.1.1.0
2024-09-24 06:55:47,019 [WARN] PackLoader:240 - Cannot read IP mode file for STMicroelectronics.X-CUBE-ISPU.2.1.0
2024-09-24 06:55:47,046 [WARN] PackLoader:240 - Cannot read IP mode file for STMicroelectronics.X-CUBE-FREERTOS.1.2.0
2024-09-24 06:55:47,065 [WARN] PackLoader:240 - Cannot read IP mode file for STMicroelectronics.X-CUBE-AZRTOS-L5.2.0.0
2024-09-24 06:55:47,094 [WARN] PackLoader:240 - Cannot read IP mode file for STMicroelectronics.X-CUBE-NFC6.3.1.0
2024-09-24 06:55:47,104 [WARN] PackLoader:240 - Cannot read IP mode file for STMicroelectronics.X-CUBE-DPower.1.2.0
2024-09-24 06:55:47,109 [WARN] PackLoader:240 - Cannot read IP mode file for STMicroelectronics.X-CUBE-AI.9.0.0
2024-09-24 06:55:47,115 [WARN] PackLoader:240 - Cannot read IP mode file for STMicroelectronics.X-CUBE-NFC7.1.0.1
2024-09-24 06:55:47,134 [WARN] ConditionMgr:438 - getConditionDescription Invalid condition id : LAN8742 Phy interface Condition cause : null
2024-09-24 06:55:47,135 [WARN] PackLoader:240 - Cannot read IP mode file for STMicroelectronics.X-CUBE-AZRTOS-L4.2.0.0
2024-09-24 06:55:47,136 [WARN] ConditionMgr:1039 - genDependencies : Invalid condition id : LAN8742 Phy interface Condition cause : null
2024-09-24 06:55:47,137 [WARN] ConditionMgr:1039 - genDependencies : Invalid condition id : LAN8742 Phy interface Condition cause : null
2024-09-24 06:55:47,137 [WARN] ConditionMgr:1039 - genDependencies : Invalid condition id : LAN8742 Phy interface Condition cause : null
2024-09-24 06:55:47,145 [WARN] PackLoader:240 - Cannot read IP mode file for STMicroelectronics.X-CUBE-SFXS2LP1.4.0.0
2024-09-24 06:55:47,178 [WARN] PackLoader:240 - Cannot read IP mode file for STMicroelectronics.X-CUBE-AZRTOS-H7.3.3.0
2024-09-24 06:55:47,192 [WARN] ConditionMgr:438 - getConditionDescription Invalid condition id : UX DEVICE CLASS RTOS Condition cause : null
2024-09-24 06:55:47,192 [WARN] ConditionMgr:438 - getConditionDescription Invalid condition id : UX DEVICE CLASS RTOS Condition cause : null
2024-09-24 06:55:47,194 [WARN] PackLoader:240 - Cannot read IP mode file for STMicroelectronics.X-CUBE-AZRTOS-WB.2.0.0
2024-09-24 06:55:47,195 [WARN] ConditionMgr:1039 - genDependencies : Invalid condition id : UX DEVICE CLASS RTOS Condition cause : null
2024-09-24 06:55:47,195 [WARN] ConditionMgr:1039 - genDependencies : Invalid condition id : UX DEVICE CLASS RTOS Condition cause : null
2024-09-24 06:55:47,196 [WARN] ConditionMgr:1039 - genDependencies : Invalid condition id : UX DEVICE CLASS RTOS Condition cause : null
2024-09-24 06:55:47,196 [WARN] ConditionMgr:1039 - genDependencies : Invalid condition id : UX DEVICE CLASS RTOS Condition cause : null
2024-09-24 06:55:47,196 [WARN] ConditionMgr:1039 - genDependencies : Invalid condition id : UX DEVICE CLASS RTOS Condition cause : null
2024-09-24 06:55:47,204 [WARN] PackLoader:240 - Cannot read IP mode file for STMicroelectronics.X-CUBE-GNSS1.7.0.0
2024-09-24 06:55:47,211 [WARN] PackLoader:240 - Cannot read IP mode file for STMicroelectronics.FP-SNS-STBOX1.2.0.0
2024-09-24 06:55:47,222 [WARN] PackLoader:240 - Cannot read IP mode file for STMicroelectronics.X-CUBE-SUBG2.5.0.0
2024-09-24 06:55:47,228 [WARN] PackLoader:240 - Cannot read IP mode file for Cesanta.I-CUBE-Mongoose.7.13.0
2024-09-24 06:55:47,239 [WARN] PackLoader:240 - Cannot read IP mode file for STMicroelectronics.X-CUBE-AZRTOS-G4.2.0.0
2024-09-24 06:55:47,244 [WARN] PackLoader:240 - Cannot read IP mode file for STMicroelectronics.X-CUBE-ALS.1.0.2
2024-09-24 06:55:47,250 [WARN] PackLoader:240 - Cannot read IP mode file for STMicroelectronics.X-CUBE-TOUCHGFX.4.24.0
2024-09-24 06:55:47,255 [WARN] PackLoader:240 - Cannot read IP mode file for STMicroelectronics.X-CUBE-TOUCHGFX.4.24.1
2024-09-24 06:55:47,261 [WARN] PackLoader:240 - Cannot read IP mode file for wolfSSL.I-CUBE-wolfTPM.3.4.0
2024-09-24 06:55:47,269 [WARN] PackLoader:240 - Cannot read IP mode file for portGmbH.I-Cube-SoM-uGOAL.1.1.0
2024-09-24 06:55:47,287 [WARN] PackLoader:240 - Cannot read IP mode file for STMicroelectronics.X-CUBE-AZRTOS-H7RS.1.0.0
2024-09-24 06:55:47,294 [WARN] PackLoader:240 - Cannot read IP mode file for STMicroelectronics.FP-ATR-ASTRA1.2.0.0
2024-09-24 06:55:47,309 [WARN] PackLoader:240 - Cannot read IP mode file for STMicroelectronics.X-CUBE-TOF1.3.4.2
2024-09-24 06:55:47,358 [WARN] PackLoader:240 - Cannot read IP mode file for Infineon.AIROC-Wi-Fi-Bluetooth-STM32.1.6.1
2024-09-24 06:55:47,365 [WARN] PackLoader:240 - Cannot read IP mode file for wolfSSL.I-CUBE-wolfSSH.1.4.17
2024-09-24 06:55:47,366 [INFO] ThirdParty:978 - Integrity check success = true
2024-09-24 06:55:47,366 [INFO] IntegrityCheckThread:100 - exiting critical section [integrity check]
2024-09-24 06:55:47,366 [INFO] IntegrityCheckThread:103 - End integrity checks thread
2024-09-24 06:55:47,466 [INFO] WebApp:448 - Apply proxy settings
2024-09-24 06:55:47,467 [INFO] WebApp:533 - Chromium requires no authentication
2024-09-24 06:55:47,475 [INFO] WebApp:476 - Direct internet connection detected
2024-09-24 06:55:47,496 [INFO] WebApp:869 - Register for checkConnection events
2024-09-24 06:55:47,497 [INFO] WebApp:448 - Apply proxy settings
2024-09-24 06:55:47,497 [INFO] WebApp:533 - Chromium requires no authentication
2024-09-24 06:55:47,497 [INFO] WebApp:476 - Direct internet connection detected
2024-09-24 06:55:47,648 [INFO] WebApp:220 - Starting web application
2024-09-24 06:55:47,648 [INFO] WebApp:578 - Web application path used C:\ST\STM32CubeIDE_1.16.1\STM32CubeIDE\plugins\com.st.stm32cube.common.mx_6.12.1.202409122256\db\plugins\mcufinder\reactClient1\index.html
2024-09-24 06:55:47,810 [INFO] WebApp:186 - Connection restablished
2024-09-24 07:16:28,728 [INFO] McuFinderGlobals:63 - Set McuFinder mode to 2 (CubeIDE integrated)
2024-09-24 07:16:28,733 [INFO] MainUpdater:2873 - connection check result : 10
2024-09-24 07:16:28,735 [INFO] MainUpdater:2873 - connection check result : 10
2024-09-24 07:16:28,793 [INFO] RulesReader:64 - Compatibility file has been processed (297 Rules)
2024-09-24 07:16:28,803 [INFO] RulesReader:64 - Compatibility file has been processed (297 Rules)
2024-09-24 07:16:28,807 [INFO] MicroXplorer:468 - Change Database Path : 
2024-09-24 07:16:28,807 [INFO] MicroXplorer:498 - Change Database Version : DB.6.0.121
2024-09-24 07:16:28,816 [WARN] ThirdParty:871 - waiting for thirdparty lock release [close project]
2024-09-24 07:16:28,816 [INFO] ThirdParty:873 - entering critical section [close project]
2024-09-24 07:16:28,817 [INFO] ThirdParty:883 - exiting critical section [close project]
2024-09-24 07:16:28,819 [INFO] PinOutPanel:1561 - setPackage(No Configuration,No Configuration)
2024-09-24 07:16:28,822 [INFO] UtilMem:75 - Begin LoadConfig() Used Memory: 623389112 Bytes (896532480)
2024-09-24 07:16:28,824 [INFO] MicroXplorer:468 - Change Database Path : 
2024-09-24 07:16:28,824 [INFO] MicroXplorer:498 - Change Database Version : DB.6.0.121
2024-09-24 07:16:28,824 [INFO] OpenFileManager:332 - Change cursor
2024-09-24 07:16:28,846 [INFO] Mcu:2032 - Initializing MCU STM32F103C(8-B)Tx STM32F103C8Tx STM32F103C8T6
2024-09-24 07:16:29,384 [INFO] Context:742 - Trying to add GPIOservice into a context  which must be forbidden
2024-09-24 07:16:29,720 [INFO] RtosManager:555 - Registered RTOS mode: class=CMSIS, group=RTOS, mode=CMSIS_V1, owner=FREERTOS
2024-09-24 07:16:29,720 [INFO] RtosManager:555 - Registered RTOS mode: class=CMSIS, group=RTOS2, mode=CMSIS_V2, owner=FREERTOS
2024-09-24 07:16:29,720 [INFO] RtosManager:555 - Registered RTOS mode: class=RTOS, group=Core, mode=CMSIS_V1, owner=FREERTOS
2024-09-24 07:16:29,720 [INFO] RtosManager:555 - Registered RTOS mode: class=RTOS, group=Core, mode=CMSIS_V2, owner=FREERTOS
2024-09-24 07:16:29,720 [WARN] ModelIntegratedComponent:184 - Missing modes for component STMicroelectronics:FreeRTOS:0.0.1:STMicroelectronics:RTOS:FreeRTOS:Core:::10.2.0:
2024-09-24 07:16:29,729 [WARN] ModelIntegratedComponent:63 - No mode defined for component null
2024-09-24 07:16:29,729 [WARN] ModelIntegratedComponent:63 - No mode defined for component null
2024-09-24 07:16:29,729 [WARN] ModelIntegratedComponent:63 - No mode defined for component null
2024-09-24 07:16:29,729 [WARN] ModelIntegratedComponent:63 - No mode defined for component null
2024-09-24 07:16:29,729 [WARN] ModelIntegratedComponent:63 - No mode defined for component null
2024-09-24 07:16:29,729 [WARN] ModelIntegratedComponent:63 - No mode defined for component null
2024-09-24 07:16:29,729 [WARN] ModelIntegratedComponent:63 - No mode defined for component null
2024-09-24 07:16:29,730 [WARN] ModelIntegratedComponent:63 - No mode defined for component null
2024-09-24 07:16:29,730 [WARN] ModelIntegratedComponent:63 - No mode defined for component null
2024-09-24 07:16:29,730 [WARN] ModelIntegratedComponent:63 - No mode defined for component null
2024-09-24 07:16:29,730 [WARN] ModelIntegratedComponent:63 - No mode defined for component null
2024-09-24 07:16:29,730 [WARN] ModelIntegratedComponent:63 - No mode defined for component null
2024-09-24 07:16:29,730 [WARN] ModelIntegratedComponent:63 - No mode defined for component null
2024-09-24 07:16:29,730 [WARN] ModelIntegratedComponent:63 - No mode defined for component null
2024-09-24 07:16:29,730 [WARN] ModelIntegratedComponent:63 - No mode defined for component null
2024-09-24 07:16:29,730 [WARN] ModelIntegratedComponent:63 - No mode defined for component null
2024-09-24 07:16:29,730 [WARN] ModelIntegratedComponent:63 - No mode defined for component null
2024-09-24 07:16:29,730 [WARN] ModelIntegratedComponent:63 - No mode defined for component null
2024-09-24 07:16:29,730 [WARN] ModelIntegratedComponent:63 - No mode defined for component null
2024-09-24 07:16:29,730 [WARN] ModelIntegratedComponent:63 - No mode defined for component null
2024-09-24 07:16:29,730 [WARN] ModelIntegratedComponent:63 - No mode defined for component null
2024-09-24 07:16:29,730 [WARN] ModelIntegratedComponent:63 - No mode defined for component null
2024-09-24 07:16:29,730 [WARN] ModelIntegratedComponent:63 - No mode defined for component null
2024-09-24 07:16:29,730 [WARN] ModelIntegratedComponent:63 - No mode defined for component null
2024-09-24 07:16:29,730 [WARN] ModelIntegratedComponent:63 - No mode defined for component null
2024-09-24 07:16:29,730 [WARN] ModelIntegratedComponent:63 - No mode defined for component null
2024-09-24 07:16:29,731 [WARN] ModelIntegratedComponent:63 - No mode defined for component null
2024-09-24 07:16:29,731 [WARN] ModelIntegratedComponent:63 - No mode defined for component null
2024-09-24 07:16:29,731 [WARN] ModelIntegratedComponent:63 - No mode defined for component null
2024-09-24 07:16:29,731 [WARN] ModelIntegratedComponent:63 - No mode defined for component null
2024-09-24 07:16:29,731 [WARN] ModelIntegratedComponent:63 - No mode defined for component null
2024-09-24 07:16:29,731 [WARN] ModelIntegratedComponent:63 - No mode defined for component null
2024-09-24 07:16:29,731 [WARN] ModelIntegratedComponent:63 - No mode defined for component null
2024-09-24 07:16:29,731 [WARN] ModelIntegratedComponent:63 - No mode defined for component null
2024-09-24 07:16:29,731 [WARN] ModelIntegratedComponent:63 - No mode defined for component null
2024-09-24 07:16:29,731 [WARN] ModelPack:524 - Component already loaded: STMicroelectronics:HAL Drivers:0.0.0:STMicroelectronics:Device:STMicro_Driver:XSPI:HAL::0.0.1:HAL_XSPI
2024-09-24 07:16:29,754 [INFO] ThirdPartyModel:298 - Start build external matchings
2024-09-24 07:16:29,961 [INFO] ThirdPartyModel:316 - End build external matchings
2024-09-24 07:16:29,973 [INFO] ImportTextPane:205 - (OptionalMessage_ERROR) IP (RCC) : Parameter (ADCFreqValue) has invalid value (32000000)
2024-09-24 07:16:29,973 [INFO] ImportTextPane:205 - (OptionalMessage_ERROR) IP (RCC) : Invalid parameter (FamilyName)
2024-09-24 07:16:29,974 [INFO] ImportTextPane:205 - (OptionalMessage_ERROR) IP (RCC) : Parameter (MCOFreq_Value) has invalid value (64000000)
2024-09-24 07:16:29,974 [INFO] ImportTextPane:205 - (OptionalMessage_ERROR) IP (RCC) : Parameter (USBFreq_Value) has invalid value (64000000)
2024-09-24 07:16:30,221 [INFO] ApiDb:581 - Connected to CubeFinder SQLite database (C:\Users\Lenovo\.stmcufinder\plugins\mcufinder\mcu\cube-finder-db.db)
2024-09-24 07:16:30,289 [INFO] ApiDb:668 - CubeFinder database Data Model version=2.1
2024-09-24 07:16:30,289 [INFO] ApiDb:669 - CubeFinder database Configuration version=3.0.39
2024-09-24 07:16:30,290 [INFO] ApiDb:670 - CubeFinder database generation date=2024-09-16 (1726485674)
2024-09-24 07:16:30,290 [INFO] ApiDb:671 - CubeFinder database FW Pack versions=[FP-ATR-ASTRA1_V2.0.0, FP-SNS-FLIGHT1_V5.0.2, FP-SNS-MOTENV1_V5.0.0, FP-SNS-MOTENVWB1_V1.4.0, FP-SNS-SMARTAG2_V1.2.0, FP-SNS-STBOX1_V2.0.0, STM32Cube_FW_C0_V1.2.0, STM32Cube_FW_F4_V1.28.1, STM32Cube_FW_F7_V1.17.2, STM32Cube_FW_G0_V1.6.2, STM32Cube_FW_G4_V1.6.0, STM32Cube_FW_H5_V1.3.0, STM32Cube_FW_H7RS_V1.1.0, STM32Cube_FW_H7_V1.11.2, STM32Cube_FW_L0_V1.12.2, STM32Cube_FW_L5_V1.5.1, STM32Cube_FW_U0_V1.1.0, STM32Cube_FW_U5_V1.6.0, STM32Cube_FW_WB0_V1.0.0, STM32Cube_FW_WBA_V1.4.1, STM32Cube_FW_WB_V1.20.0, STM32Cube_FW_WL_V1.3.0, X-CUBE-ALGOBUILD_V1.4.0, X-CUBE-ALS_V1.0.2, X-CUBE-AZRTOS-F4_V1.1.0, X-CUBE-AZRTOS-F7_V1.1.0, X-CUBE-AZRTOS-G0_V1.1.0, X-CUBE-AZRTOS-G4_V2.0.0, X-CUBE-AZRTOS-H7RS_V1.0.0, X-CUBE-AZRTOS-H7_V3.2.0, X-CUBE-AZRTOS-L4_V2.0.0, X-CUBE-AZRTOS-L5_V2.0.0, X-CUBE-AZRTOS-WB_V2.0.0, X-CUBE-AZRTOS-WL_V2.0.0, X-CUBE-BLE1_V7.0.0, X-CUBE-BLE2_V3.3.0, X-CUBE-BLEMGR_V3.1.0, X-CUBE-EEPRMA1_V5.1.0, X-CUBE-FREERTOS_V1.2.0, X-CUBE-GNSS1_V6.0.0, X-CUBE-MEMS1_V11.0.0, X-CUBE-NFC4_V3.0.0, X-CUBE-NFC7_V1.0.1, X-CUBE-SFXS2LP1_V4.0.0, X-CUBE-SUBG2_V5.0.0, X-CUBE-TOF1_V3.4.2]
2024-09-24 07:16:30,387 [INFO] DbBoardsSqlite:226 - include board P-NUCLEO-WB55-NUCLEO as a kit item of type 'Nucleo-64'
2024-09-24 07:16:30,387 [INFO] DbBoardsSqlite:226 - include board P-NUCLEO-WB55-USBDONGLE as a kit item of type 'Nucleo USB Dongle'
2024-09-24 07:16:30,388 [INFO] DbBoardsSqlite:226 - include board STEVAL-IDP005V1 as a kit item of type 'Evaluation Board'
2024-09-24 07:16:30,388 [INFO] DbBoardsSqlite:226 - include board STEVAL-IDP005V2 as a kit item of type 'Evaluation Board'
2024-09-24 07:16:30,775 [INFO] ApiDb:240 - Found 646 in-development CPN: [B-G473E-ZEST1S, B-WB1M-WPAN1, B-WL5M-SUBG1, NUCLEO-C031C6, NUCLEO-C071RB, NUCLEO-H503RB, NUCLEO-H533RE, NUCLEO-H563ZI, NUCLEO-H7S3L8, NUCLEO-U031R8, NUCLEO-U083RC, NUCLEO-U545RE-Q, NUCLEO-U5A5ZJ-Q, NUCLEO-WB05KZ, NUCLEO-WB07CC, NUCLEO-WB09KE, NUCLEO-WBA52CG, NUCLEO-WBA55CG, STEVAL-PROTEUS1, STEVAL-SMARTAG2, STEVAL-STWINBX1, STM320518-EVAL, STM32C0116-DK, STM32C011D6Y3TR, STM32C011D6Y6TR, STM32C011F4P3, STM32C011F4P6, STM32C011F4U3, STM32C011F4U6TR, STM32C011F6P3, STM32C011F6P6, STM32C011F6U3, STM32C011F6U6TR, STM32C011J4M3, STM32C011J4M6, STM32C011J6M3, STM32C011J6M6, STM32C0316-DK, STM32C031C4T3, STM32C031C4T6, STM32C031C4U3, STM32C031C4U6, STM32C031C6T3, STM32C031C6T6, STM32C031C6U3, STM32C031C6U6, STM32C031F4P3, STM32C031F4P6, STM32C031F6P3, STM32C031F6P6, STM32C031G4U3, STM32C031G4U6, STM32C031G6U3, STM32C031G6U6, STM32C031K4T3, STM32C031K4T6, STM32C031K4U3, STM32C031K4U6, STM32C031K6T3, STM32C031K6T6, STM32C031K6U3, STM32C031K6U6, STM32C071C8T6, STM32C071C8T6N, STM32C071C8U6, STM32C071C8U6N, STM32C071CBT6, STM32C071CBT6N, STM32C071CBU6, STM32C071CBU6N, STM32C071F8P6, STM32C071F8P6N, STM32C071FBP6, STM32C071FBP6N, STM32C071FBY6TR, STM32C071G8U6, STM32C071G8U6N, STM32C071GBU6, STM32C071GBU6N, STM32C071K8T6, STM32C071K8T6N, STM32C071K8U6, STM32C071K8U6N, STM32C071KBT6, STM32C071KBT6N, STM32C071KBU6, STM32C071KBU6N, STM32C071R8T6, STM32C071R8T6N, STM32C071RBI6N, STM32C071RBT6, STM32C071RBT6N, STM32G071K8TXN, STM32G071K8UXN, STM32G081GBU6N, STM32G081KBT6N, STM32G081KBUXN, STM32G0B1CCT6N, STM32G0B1KCT6, STM32G0B1NEY6TR, STM32G0B1RCT6N, STM32G0C1CCT6, STM32G0C1CCT6N, STM32G0C1CCU6N, STM32G0C1CET6N, STM32G0C1CEU6N, STM32G0C1KCT6, STM32G0C1NEY6TR, STM32G0C1RCI6N, STM32G0C1RCT6N, STM32G0C1REI6N, STM32G0C1RET6N, STM32G0C1VCI6, STM32G0C1VEI6, STM32G411C6T3, STM32G411C6T6, STM32G411C6U3, STM32G411C6U6, STM32G411C8T3, STM32G411C8T6, STM32G411C8U3, STM32G411C8U6, STM32G411CBT3, STM32G411CBT6, STM32G411CBU3, STM32G411CBU6, STM32G411K6T3, STM32G411K6T6, STM32G411K6U3, STM32G411K6U6, STM32G411K8T3, STM32G411K8T6, STM32G411K8U3, STM32G411K8U6, STM32G411KBT3, STM32G411KBT6, STM32G411KBU3, STM32G411KBU6, STM32G411M6T3, STM32G411M6T6, STM32G411M8T3, STM32G411M8T6, STM32G411MBT3, STM32G411MBT6, STM32G411R6T3, STM32G411R6T6, STM32G411R8T3, STM32G411R8T6, STM32G411RBT3, STM32G411RBT6, STM32G414CBT3, STM32G414CBT6, STM32G414CBU3, STM32G414CBU6, STM32G414CCT3, STM32G414CCT6, STM32G414CCU3, STM32G414CCU6, STM32G414MBT3, STM32G414MBT6, STM32G414MCT3, STM32G414MCT6, STM32G414RBT3, STM32G414RBT6, STM32G414RCT3, STM32G414RCT6, STM32G414VBT3, STM32G414VBT6, STM32G414VCT3, STM32G414VCT6, STM32G431CBT3Z, STM32G431RBT3Z, STM32G471CCT6, STM32G471CCU6, STM32G471CET3, STM32G471CET6, STM32G471CEU3, STM32G471CEU6, STM32G471MCT6, STM32G471MET3, STM32G471MET6, STM32G471MEY6TR, STM32G471QCT6, STM32G471QET3, STM32G471RCT6, STM32G471RET3, STM32G471RET6, STM32G471VCH6, STM32G471VCI6, STM32G471VCT6, STM32G471VEH3, STM32G471VEH6, STM32G471VEI3, STM32G471VEI6, STM32G471VET3, STM32G471VET6, STM32G473QET3Z, STM32G473RET3Z, STM32G474CCT6, STM32G491RET3Z, STM32H503CBT6, STM32H503CBU6, STM32H503EBY6TR, STM32H503KBU6, STM32H503RBT6, STM32H523CCT6, STM32H523CCU6, STM32H523CET6, STM32H523CEU6, STM32H523HEY6TR, STM32H523RCT6, STM32H523RET6, STM32H523VCI6, STM32H523VCT6, STM32H523VEI6, STM32H523VET6, STM32H523ZCJ6, STM32H523ZCT6, STM32H523ZEJ6, STM32H523ZET6, STM32H533CET6, STM32H533CEU6, STM32H533HEY6TR, STM32H533RET6, STM32H533VEI6, STM32H533VET6, STM32H533ZEJ6, STM32H533ZET6, STM32H562AGI6, STM32H562AII6, STM32H562IGK6, STM32H562IGT6, STM32H562IIK6, STM32H562IIT6, STM32H562RGT6, STM32H562RGV6, STM32H562RIT6, STM32H562RIV6, STM32H562VGT6, STM32H562VIT6, STM32H562ZGT6, STM32H562ZIT6, STM32H563AGI6, STM32H563AII3Q, STM32H563AII6, STM32H563IGK6, STM32H563IGT6, STM32H563IIK3Q, STM32H563IIK6, STM32H563IIT3Q, STM32H563IIT6, STM32H563MIY3QTR, STM32H563RGT6, STM32H563RGV6, STM32H563RIT6, STM32H563RIV6, STM32H563VGT6, STM32H563VIT3Q, STM32H563VIT6, STM32H563ZGT6, STM32H563ZIT3Q, STM32H563ZIT6, STM32H573AII3Q, STM32H573AII6, STM32H573I-DK, STM32H573IIK3Q, STM32H573IIK6, STM32H573IIT3Q, STM32H573IIT6, STM32H573MIY3QTR, STM32H573RIT6, STM32H573RIV6, STM32H573VIT3Q, STM32H573VIT6, STM32H573ZIT3Q, STM32H573ZIT6, STM32H7R3A8I6, STM32H7R3I8K6, STM32H7R3I8T6, STM32H7R3L8H6, STM32H7R3L8H6H, STM32H7R3R8V6, STM32H7R3V8H6, STM32H7R3V8T6, STM32H7R3V8Y6TR, STM32H7R3Z8J6, STM32H7R3Z8T6, STM32H7R7A8I6, STM32H7R7I8K6, STM32H7R7I8T6, STM32H7R7L8H6, STM32H7R7L8H6H, STM32H7R7Z8J6, STM32H7S3A8I6, STM32H7S3I8K6, STM32H7S3I8T6, STM32H7S3L8H6, STM32H7S3L8H6H, STM32H7S3R8V6, STM32H7S3V8H6, STM32H7S3V8T6, STM32H7S3V8Y6TR, STM32H7S3Z8J6, STM32H7S3Z8T6, STM32H7S78-DK, STM32H7S7A8I6, STM32H7S7I8K6, STM32H7S7I8T6, STM32H7S7L8H6, STM32H7S7L8H6H, STM32H7S7Z8J6, STM32L4R5QGI6STR, STM32MP131AAE3, STM32MP131AAF3, STM32MP131AAG3, STM32MP131CAE3, STM32MP131CAF3, STM32MP131CAG3, STM32MP131DAE7, STM32MP131DAF7, STM32MP131DAG7, STM32MP131FAE7, STM32MP131FAF7, STM32MP131FAG7, STM32MP133AAE3, STM32MP133AAF3, STM32MP133AAG3, STM32MP133CAE3, STM32MP133CAF3, STM32MP133CAG3, STM32MP133DAE7, STM32MP133DAF7, STM32MP133DAG7, STM32MP133FAE7, STM32MP133FAF7, STM32MP133FAG7, STM32MP135AAE3, STM32MP135AAF3, STM32MP135AAG3, STM32MP135CAE3, STM32MP135CAF3, STM32MP135CAG3, STM32MP135DAE7, STM32MP135DAF7, STM32MP135DAG7, STM32MP135F-DK, STM32MP135FAE7, STM32MP135FAF7, STM32MP135FAF7T, STM32MP135FAF7U, STM32MP135FAG7, STM32MP251AAI3, STM32MP251AAK3, STM32MP251AAL3, STM32MP251CAI3, STM32MP251CAK3, STM32MP251CAL3, STM32MP251DAI3, STM32MP251DAK3, STM32MP251DAL3, STM32MP251FAI3, STM32MP251FAK3, STM32MP251FAL3, STM32MP253AAI3, STM32MP253AAK3, STM32MP253AAL3, STM32MP253CAI3, STM32MP253CAK3, STM32MP253CAL3, STM32MP253DAI3, STM32MP253DAK3, STM32MP253DAL3, STM32MP253FAI3, STM32MP253FAK3, STM32MP253FAL3, STM32MP255AAI3, STM32MP255AAK3, STM32MP255AAL3, STM32MP255CAI3, STM32MP255CAK3, STM32MP255CAL3, STM32MP255DAI3, STM32MP255DAK3, STM32MP255DAL3, STM32MP255FAI3, STM32MP255FAK3, STM32MP255FAL3, STM32MP257AAI3, STM32MP257AAK3, STM32MP257AAL3, STM32MP257CAI3, STM32MP257CAK3, STM32MP257CAL3, STM32MP257DAI3, STM32MP257DAK3, STM32MP257DAL3, STM32MP257F-DK, STM32MP257F-EV1, STM32MP257FAI3, STM32MP257FAK3, STM32MP257FAL3, STM32U031C6T6, STM32U031C6U6, STM32U031C8T6, STM32U031C8U6, STM32U031F4P6, STM32U031F6P6, STM32U031F8P6, STM32U031G6Y6TR, STM32U031G8Y6TR, STM32U031K4U6, STM32U031K6U6, STM32U031K8U6, STM32U031R6I6, STM32U031R6T6, STM32U031R8I6, STM32U031R8T6, STM32U073C8T6, STM32U073C8U6, STM32U073CBT6, STM32U073CBU6, STM32U073CCT6, STM32U073CCU6, STM32U073H8Y6TR, STM32U073HBY6TR, STM32U073HCY6TR, STM32U073K8U6, STM32U073KBU6, STM32U073KCU6, STM32U073M8I6, STM32U073M8T6, STM32U073MBI6, STM32U073MBT6, STM32U073MCI6, STM32U073MCT6, STM32U073R8I6, STM32U073R8T6, STM32U073RBI6, STM32U073RBT6, STM32U073RCI6, STM32U073RCT6, STM32U083C-DK, STM32U083CCT6, STM32U083CCU6, STM32U083HCY6TR, STM32U083KCU6, STM32U083MCI6, STM32U083MCT6, STM32U083RCI6, STM32U083RCT6, STM32U535CBT6, STM32U535CBT6Q, STM32U535CBU6, STM32U535CBU6Q, STM32U535CCT6, STM32U535CCT6Q, STM32U535CCU6, STM32U535CCU6Q, STM32U535CET6, STM32U535CET6Q, STM32U535CEU6, STM32U535CEU6Q, STM32U535JEY6QTR, STM32U535NCY6QTR, STM32U535NEY6QTR, STM32U535RBI6, STM32U535RBI6Q, STM32U535RBT6, STM32U535RBT6Q, STM32U535RCI6, STM32U535RCI6Q, STM32U535RCT6, STM32U535RCT6Q, STM32U535REI6, STM32U535REI6Q, STM32U535RET6, STM32U535RET6Q, STM32U535VCI6, STM32U535VCI6Q, STM32U535VCT6, STM32U535VCT6Q, STM32U535VEI6, STM32U535VEI6Q, STM32U535VET6, STM32U535VET6Q, STM32U545CET6, STM32U545CET6Q, STM32U545CEU6, STM32U545CEU6Q, STM32U545JEY6QTR, STM32U545NEY6QTR, STM32U545REI6, STM32U545REI6Q, STM32U545RET6, STM32U545RET6Q, STM32U545VEI6, STM32U545VEI6Q, STM32U545VET6, STM32U545VET6Q, STM32U595AIH6, STM32U595AIH6Q, STM32U595AJH6, STM32U595AJH6Q, STM32U595QII6, STM32U595QII6Q, STM32U595QJI6, STM32U595QJI6Q, STM32U595RIT6, STM32U595RIT6Q, STM32U595RJT6, STM32U595RJT6Q, STM32U595VIT6, STM32U595VIT6Q, STM32U595VJT6, STM32U595VJT6Q, STM32U595ZIT6, STM32U595ZIT6Q, STM32U595ZIY6QTR, STM32U595ZJT6, STM32U595ZJT6Q, STM32U595ZJY6QTR, STM32U599BJY6QTR, STM32U599NIH6Q, STM32U599NJH6Q, STM32U599VIT6Q, STM32U599VJT6, STM32U599VJT6Q, STM32U599ZIT6Q, STM32U599ZIY6QTR, STM32U599ZJT6Q, STM32U599ZJY6QTR, STM32U5A5AJH6, STM32U5A5AJH6Q, STM32U5A5QII3Q , STM32U5A5QJI6, STM32U5A5QJI6Q, STM32U5A5RJT6, STM32U5A5RJT6Q, STM32U5A5VJT6, STM32U5A5VJT6Q, STM32U5A5ZJT6, STM32U5A5ZJT6Q, STM32U5A5ZJY6QTR, STM32U5A9BJY6QTR, STM32U5A9J-DK, STM32U5A9NJH6Q, STM32U5A9VJT6Q, STM32U5A9ZJT6Q, STM32U5A9ZJY6QTR, STM32U5F7VIT6, STM32U5F7VIT6Q, STM32U5F7VJT6, STM32U5F7VJT6Q, STM32U5F9BJY6QTR, STM32U5F9NJH6Q, STM32U5F9VIT6Q, STM32U5F9VJT6Q, STM32U5F9ZIJ6QTR, STM32U5F9ZIT6Q, STM32U5F9ZJJ6QTR, STM32U5F9ZJT6Q, STM32U5G7VJT6, STM32U5G7VJT6Q, STM32U5G9BJY6QTR, STM32U5G9J-DK1, STM32U5G9J-DK2, STM32U5G9NJH6Q, STM32U5G9VJT6Q, STM32U5G9ZJJ6QTR, STM32U5G9ZJT6Q, STM32WB05KZV6TR, STM32WB05KZV7TR, STM32WB05TZF6TR, STM32WB05TZF7TR, STM32WB06CCF6TR, STM32WB06CCF7TR, STM32WB06CCV6TR, STM32WB06CCV7TR, STM32WB06KCV6TR, STM32WB06KCV7TR, STM32WB07CCF6TR, STM32WB07CCF7TR, STM32WB07CCV6TR, STM32WB07CCV7TR, STM32WB07KCV6TR, STM32WB07KCV7TR, STM32WB09KEV6TR, STM32WB09KEV7TR, STM32WB09TEF6TR, STM32WB09TEF7TR, STM32WB1MMCH6, STM32WBA50KGU6, STM32WBA50KGU6TR, STM32WBA52CEU6, STM32WBA52CEU6TR, STM32WBA52CEU7, STM32WBA52CEU7TR, STM32WBA52CGU6, STM32WBA52CGU6TR, STM32WBA52CGU6U, STM32WBA52CGU7, STM32WBA52CGU7TR, STM32WBA52KEU6, STM32WBA52KEU6TR, STM32WBA52KGU6, STM32WBA52KGU6TR, STM32WBA54CEU6, STM32WBA54CEU6TR, STM32WBA54CEU7, STM32WBA54CEU7TR, STM32WBA54CGU6, STM32WBA54CGU6TR, STM32WBA54CGU7, STM32WBA54CGU7TR, STM32WBA54KEU6, STM32WBA54KEU6TR, STM32WBA54KEU7, STM32WBA54KEU7TR, STM32WBA54KGU6, STM32WBA54KGU6TR, STM32WBA54KGU7, STM32WBA54KGU7TR, STM32WBA55CEU6, STM32WBA55CEU6TR, STM32WBA55CEU7, STM32WBA55CEU7TR, STM32WBA55CGU6, STM32WBA55CGU6TR, STM32WBA55CGU6U, STM32WBA55CGU7, STM32WBA55CGU7TR, STM32WBA55G-DK1, STM32WBA55HEF6, STM32WBA55HEF7, STM32WBA55HGF6, STM32WBA55HGF7, STM32WBA55UEI6, STM32WBA55UEI6TR, STM32WBA55UEI7, STM32WBA55UEI7TR, STM32WBA55UGI6, STM32WBA55UGI6TR, STM32WBA55UGI7, STM32WBA55UGI7TR, STM32WL5MOCH6, STM32WL5MOCH6TR]
2024-09-24 07:16:30,886 [INFO] BoardInfo:889 - No configuration file found for board P-NUCLEO-WB55
2024-09-24 07:16:30,887 [INFO] DbBoards:161 - Kit is not supported: P-NUCLEO-WB55
2024-09-24 07:16:30,890 [INFO] BoardInfo:889 - No configuration file found for board STEVAL-BFA001V1B
2024-09-24 07:16:30,891 [INFO] DbBoards:161 - Kit is not supported: STEVAL-BFA001V1B
2024-09-24 07:16:30,891 [INFO] BoardInfo:889 - No configuration file found for board STEVAL-BFA001V2B
2024-09-24 07:16:30,892 [INFO] DbBoards:161 - Kit is not supported: STEVAL-BFA001V2B
2024-09-24 07:16:31,000 [INFO] DbBoards:168 - Found 201 boards, 198 are supported
2024-09-24 07:16:31,000 [INFO] DbBoards:169 - Found 201 boards, 25 of them is supported for  Bsp
2024-09-24 07:16:31,002 [INFO] ApiDb:668 - CubeFinder database Data Model version=2.1
2024-09-24 07:16:31,002 [INFO] ApiDb:669 - CubeFinder database Configuration version=3.0.39
2024-09-24 07:16:31,002 [INFO] ApiDb:670 - CubeFinder database generation date=2024-09-16 (1726485674)
2024-09-24 07:16:31,002 [INFO] ApiDb:671 - CubeFinder database FW Pack versions=[FP-ATR-ASTRA1_V2.0.0, FP-SNS-FLIGHT1_V5.0.2, FP-SNS-MOTENV1_V5.0.0, FP-SNS-MOTENVWB1_V1.4.0, FP-SNS-SMARTAG2_V1.2.0, FP-SNS-STBOX1_V2.0.0, STM32Cube_FW_C0_V1.2.0, STM32Cube_FW_F4_V1.28.1, STM32Cube_FW_F7_V1.17.2, STM32Cube_FW_G0_V1.6.2, STM32Cube_FW_G4_V1.6.0, STM32Cube_FW_H5_V1.3.0, STM32Cube_FW_H7RS_V1.1.0, STM32Cube_FW_H7_V1.11.2, STM32Cube_FW_L0_V1.12.2, STM32Cube_FW_L5_V1.5.1, STM32Cube_FW_U0_V1.1.0, STM32Cube_FW_U5_V1.6.0, STM32Cube_FW_WB0_V1.0.0, STM32Cube_FW_WBA_V1.4.1, STM32Cube_FW_WB_V1.20.0, STM32Cube_FW_WL_V1.3.0, X-CUBE-ALGOBUILD_V1.4.0, X-CUBE-ALS_V1.0.2, X-CUBE-AZRTOS-F4_V1.1.0, X-CUBE-AZRTOS-F7_V1.1.0, X-CUBE-AZRTOS-G0_V1.1.0, X-CUBE-AZRTOS-G4_V2.0.0, X-CUBE-AZRTOS-H7RS_V1.0.0, X-CUBE-AZRTOS-H7_V3.2.0, X-CUBE-AZRTOS-L4_V2.0.0, X-CUBE-AZRTOS-L5_V2.0.0, X-CUBE-AZRTOS-WB_V2.0.0, X-CUBE-AZRTOS-WL_V2.0.0, X-CUBE-BLE1_V7.0.0, X-CUBE-BLE2_V3.3.0, X-CUBE-BLEMGR_V3.1.0, X-CUBE-EEPRMA1_V5.1.0, X-CUBE-FREERTOS_V1.2.0, X-CUBE-GNSS1_V6.0.0, X-CUBE-MEMS1_V11.0.0, X-CUBE-NFC4_V3.0.0, X-CUBE-NFC7_V1.0.1, X-CUBE-SFXS2LP1_V4.0.0, X-CUBE-SUBG2_V5.0.0, X-CUBE-TOF1_V3.4.2]
2024-09-24 07:16:32,321 [INFO] ApiDb:240 - Found 646 in-development CPN: [B-G473E-ZEST1S, B-WB1M-WPAN1, B-WL5M-SUBG1, NUCLEO-C031C6, NUCLEO-C071RB, NUCLEO-H503RB, NUCLEO-H533RE, NUCLEO-H563ZI, NUCLEO-H7S3L8, NUCLEO-U031R8, NUCLEO-U083RC, NUCLEO-U545RE-Q, NUCLEO-U5A5ZJ-Q, NUCLEO-WB05KZ, NUCLEO-WB07CC, NUCLEO-WB09KE, NUCLEO-WBA52CG, NUCLEO-WBA55CG, STEVAL-PROTEUS1, STEVAL-SMARTAG2, STEVAL-STWINBX1, STM320518-EVAL, STM32C0116-DK, STM32C011D6Y3TR, STM32C011D6Y6TR, STM32C011F4P3, STM32C011F4P6, STM32C011F4U3, STM32C011F4U6TR, STM32C011F6P3, STM32C011F6P6, STM32C011F6U3, STM32C011F6U6TR, STM32C011J4M3, STM32C011J4M6, STM32C011J6M3, STM32C011J6M6, STM32C0316-DK, STM32C031C4T3, STM32C031C4T6, STM32C031C4U3, STM32C031C4U6, STM32C031C6T3, STM32C031C6T6, STM32C031C6U3, STM32C031C6U6, STM32C031F4P3, STM32C031F4P6, STM32C031F6P3, STM32C031F6P6, STM32C031G4U3, STM32C031G4U6, STM32C031G6U3, STM32C031G6U6, STM32C031K4T3, STM32C031K4T6, STM32C031K4U3, STM32C031K4U6, STM32C031K6T3, STM32C031K6T6, STM32C031K6U3, STM32C031K6U6, STM32C071C8T6, STM32C071C8T6N, STM32C071C8U6, STM32C071C8U6N, STM32C071CBT6, STM32C071CBT6N, STM32C071CBU6, STM32C071CBU6N, STM32C071F8P6, STM32C071F8P6N, STM32C071FBP6, STM32C071FBP6N, STM32C071FBY6TR, STM32C071G8U6, STM32C071G8U6N, STM32C071GBU6, STM32C071GBU6N, STM32C071K8T6, STM32C071K8T6N, STM32C071K8U6, STM32C071K8U6N, STM32C071KBT6, STM32C071KBT6N, STM32C071KBU6, STM32C071KBU6N, STM32C071R8T6, STM32C071R8T6N, STM32C071RBI6N, STM32C071RBT6, STM32C071RBT6N, STM32G071K8TXN, STM32G071K8UXN, STM32G081GBU6N, STM32G081KBT6N, STM32G081KBUXN, STM32G0B1CCT6N, STM32G0B1KCT6, STM32G0B1NEY6TR, STM32G0B1RCT6N, STM32G0C1CCT6, STM32G0C1CCT6N, STM32G0C1CCU6N, STM32G0C1CET6N, STM32G0C1CEU6N, STM32G0C1KCT6, STM32G0C1NEY6TR, STM32G0C1RCI6N, STM32G0C1RCT6N, STM32G0C1REI6N, STM32G0C1RET6N, STM32G0C1VCI6, STM32G0C1VEI6, STM32G411C6T3, STM32G411C6T6, STM32G411C6U3, STM32G411C6U6, STM32G411C8T3, STM32G411C8T6, STM32G411C8U3, STM32G411C8U6, STM32G411CBT3, STM32G411CBT6, STM32G411CBU3, STM32G411CBU6, STM32G411K6T3, STM32G411K6T6, STM32G411K6U3, STM32G411K6U6, STM32G411K8T3, STM32G411K8T6, STM32G411K8U3, STM32G411K8U6, STM32G411KBT3, STM32G411KBT6, STM32G411KBU3, STM32G411KBU6, STM32G411M6T3, STM32G411M6T6, STM32G411M8T3, STM32G411M8T6, STM32G411MBT3, STM32G411MBT6, STM32G411R6T3, STM32G411R6T6, STM32G411R8T3, STM32G411R8T6, STM32G411RBT3, STM32G411RBT6, STM32G414CBT3, STM32G414CBT6, STM32G414CBU3, STM32G414CBU6, STM32G414CCT3, STM32G414CCT6, STM32G414CCU3, STM32G414CCU6, STM32G414MBT3, STM32G414MBT6, STM32G414MCT3, STM32G414MCT6, STM32G414RBT3, STM32G414RBT6, STM32G414RCT3, STM32G414RCT6, STM32G414VBT3, STM32G414VBT6, STM32G414VCT3, STM32G414VCT6, STM32G431CBT3Z, STM32G431RBT3Z, STM32G471CCT6, STM32G471CCU6, STM32G471CET3, STM32G471CET6, STM32G471CEU3, STM32G471CEU6, STM32G471MCT6, STM32G471MET3, STM32G471MET6, STM32G471MEY6TR, STM32G471QCT6, STM32G471QET3, STM32G471RCT6, STM32G471RET3, STM32G471RET6, STM32G471VCH6, STM32G471VCI6, STM32G471VCT6, STM32G471VEH3, STM32G471VEH6, STM32G471VEI3, STM32G471VEI6, STM32G471VET3, STM32G471VET6, STM32G473QET3Z, STM32G473RET3Z, STM32G474CCT6, STM32G491RET3Z, STM32H503CBT6, STM32H503CBU6, STM32H503EBY6TR, STM32H503KBU6, STM32H503RBT6, STM32H523CCT6, STM32H523CCU6, STM32H523CET6, STM32H523CEU6, STM32H523HEY6TR, STM32H523RCT6, STM32H523RET6, STM32H523VCI6, STM32H523VCT6, STM32H523VEI6, STM32H523VET6, STM32H523ZCJ6, STM32H523ZCT6, STM32H523ZEJ6, STM32H523ZET6, STM32H533CET6, STM32H533CEU6, STM32H533HEY6TR, STM32H533RET6, STM32H533VEI6, STM32H533VET6, STM32H533ZEJ6, STM32H533ZET6, STM32H562AGI6, STM32H562AII6, STM32H562IGK6, STM32H562IGT6, STM32H562IIK6, STM32H562IIT6, STM32H562RGT6, STM32H562RGV6, STM32H562RIT6, STM32H562RIV6, STM32H562VGT6, STM32H562VIT6, STM32H562ZGT6, STM32H562ZIT6, STM32H563AGI6, STM32H563AII3Q, STM32H563AII6, STM32H563IGK6, STM32H563IGT6, STM32H563IIK3Q, STM32H563IIK6, STM32H563IIT3Q, STM32H563IIT6, STM32H563MIY3QTR, STM32H563RGT6, STM32H563RGV6, STM32H563RIT6, STM32H563RIV6, STM32H563VGT6, STM32H563VIT3Q, STM32H563VIT6, STM32H563ZGT6, STM32H563ZIT3Q, STM32H563ZIT6, STM32H573AII3Q, STM32H573AII6, STM32H573I-DK, STM32H573IIK3Q, STM32H573IIK6, STM32H573IIT3Q, STM32H573IIT6, STM32H573MIY3QTR, STM32H573RIT6, STM32H573RIV6, STM32H573VIT3Q, STM32H573VIT6, STM32H573ZIT3Q, STM32H573ZIT6, STM32H7R3A8I6, STM32H7R3I8K6, STM32H7R3I8T6, STM32H7R3L8H6, STM32H7R3L8H6H, STM32H7R3R8V6, STM32H7R3V8H6, STM32H7R3V8T6, STM32H7R3V8Y6TR, STM32H7R3Z8J6, STM32H7R3Z8T6, STM32H7R7A8I6, STM32H7R7I8K6, STM32H7R7I8T6, STM32H7R7L8H6, STM32H7R7L8H6H, STM32H7R7Z8J6, STM32H7S3A8I6, STM32H7S3I8K6, STM32H7S3I8T6, STM32H7S3L8H6, STM32H7S3L8H6H, STM32H7S3R8V6, STM32H7S3V8H6, STM32H7S3V8T6, STM32H7S3V8Y6TR, STM32H7S3Z8J6, STM32H7S3Z8T6, STM32H7S78-DK, STM32H7S7A8I6, STM32H7S7I8K6, STM32H7S7I8T6, STM32H7S7L8H6, STM32H7S7L8H6H, STM32H7S7Z8J6, STM32L4R5QGI6STR, STM32MP131AAE3, STM32MP131AAF3, STM32MP131AAG3, STM32MP131CAE3, STM32MP131CAF3, STM32MP131CAG3, STM32MP131DAE7, STM32MP131DAF7, STM32MP131DAG7, STM32MP131FAE7, STM32MP131FAF7, STM32MP131FAG7, STM32MP133AAE3, STM32MP133AAF3, STM32MP133AAG3, STM32MP133CAE3, STM32MP133CAF3, STM32MP133CAG3, STM32MP133DAE7, STM32MP133DAF7, STM32MP133DAG7, STM32MP133FAE7, STM32MP133FAF7, STM32MP133FAG7, STM32MP135AAE3, STM32MP135AAF3, STM32MP135AAG3, STM32MP135CAE3, STM32MP135CAF3, STM32MP135CAG3, STM32MP135DAE7, STM32MP135DAF7, STM32MP135DAG7, STM32MP135F-DK, STM32MP135FAE7, STM32MP135FAF7, STM32MP135FAF7T, STM32MP135FAF7U, STM32MP135FAG7, STM32MP251AAI3, STM32MP251AAK3, STM32MP251AAL3, STM32MP251CAI3, STM32MP251CAK3, STM32MP251CAL3, STM32MP251DAI3, STM32MP251DAK3, STM32MP251DAL3, STM32MP251FAI3, STM32MP251FAK3, STM32MP251FAL3, STM32MP253AAI3, STM32MP253AAK3, STM32MP253AAL3, STM32MP253CAI3, STM32MP253CAK3, STM32MP253CAL3, STM32MP253DAI3, STM32MP253DAK3, STM32MP253DAL3, STM32MP253FAI3, STM32MP253FAK3, STM32MP253FAL3, STM32MP255AAI3, STM32MP255AAK3, STM32MP255AAL3, STM32MP255CAI3, STM32MP255CAK3, STM32MP255CAL3, STM32MP255DAI3, STM32MP255DAK3, STM32MP255DAL3, STM32MP255FAI3, STM32MP255FAK3, STM32MP255FAL3, STM32MP257AAI3, STM32MP257AAK3, STM32MP257AAL3, STM32MP257CAI3, STM32MP257CAK3, STM32MP257CAL3, STM32MP257DAI3, STM32MP257DAK3, STM32MP257DAL3, STM32MP257F-DK, STM32MP257F-EV1, STM32MP257FAI3, STM32MP257FAK3, STM32MP257FAL3, STM32U031C6T6, STM32U031C6U6, STM32U031C8T6, STM32U031C8U6, STM32U031F4P6, STM32U031F6P6, STM32U031F8P6, STM32U031G6Y6TR, STM32U031G8Y6TR, STM32U031K4U6, STM32U031K6U6, STM32U031K8U6, STM32U031R6I6, STM32U031R6T6, STM32U031R8I6, STM32U031R8T6, STM32U073C8T6, STM32U073C8U6, STM32U073CBT6, STM32U073CBU6, STM32U073CCT6, STM32U073CCU6, STM32U073H8Y6TR, STM32U073HBY6TR, STM32U073HCY6TR, STM32U073K8U6, STM32U073KBU6, STM32U073KCU6, STM32U073M8I6, STM32U073M8T6, STM32U073MBI6, STM32U073MBT6, STM32U073MCI6, STM32U073MCT6, STM32U073R8I6, STM32U073R8T6, STM32U073RBI6, STM32U073RBT6, STM32U073RCI6, STM32U073RCT6, STM32U083C-DK, STM32U083CCT6, STM32U083CCU6, STM32U083HCY6TR, STM32U083KCU6, STM32U083MCI6, STM32U083MCT6, STM32U083RCI6, STM32U083RCT6, STM32U535CBT6, STM32U535CBT6Q, STM32U535CBU6, STM32U535CBU6Q, STM32U535CCT6, STM32U535CCT6Q, STM32U535CCU6, STM32U535CCU6Q, STM32U535CET6, STM32U535CET6Q, STM32U535CEU6, STM32U535CEU6Q, STM32U535JEY6QTR, STM32U535NCY6QTR, STM32U535NEY6QTR, STM32U535RBI6, STM32U535RBI6Q, STM32U535RBT6, STM32U535RBT6Q, STM32U535RCI6, STM32U535RCI6Q, STM32U535RCT6, STM32U535RCT6Q, STM32U535REI6, STM32U535REI6Q, STM32U535RET6, STM32U535RET6Q, STM32U535VCI6, STM32U535VCI6Q, STM32U535VCT6, STM32U535VCT6Q, STM32U535VEI6, STM32U535VEI6Q, STM32U535VET6, STM32U535VET6Q, STM32U545CET6, STM32U545CET6Q, STM32U545CEU6, STM32U545CEU6Q, STM32U545JEY6QTR, STM32U545NEY6QTR, STM32U545REI6, STM32U545REI6Q, STM32U545RET6, STM32U545RET6Q, STM32U545VEI6, STM32U545VEI6Q, STM32U545VET6, STM32U545VET6Q, STM32U595AIH6, STM32U595AIH6Q, STM32U595AJH6, STM32U595AJH6Q, STM32U595QII6, STM32U595QII6Q, STM32U595QJI6, STM32U595QJI6Q, STM32U595RIT6, STM32U595RIT6Q, STM32U595RJT6, STM32U595RJT6Q, STM32U595VIT6, STM32U595VIT6Q, STM32U595VJT6, STM32U595VJT6Q, STM32U595ZIT6, STM32U595ZIT6Q, STM32U595ZIY6QTR, STM32U595ZJT6, STM32U595ZJT6Q, STM32U595ZJY6QTR, STM32U599BJY6QTR, STM32U599NIH6Q, STM32U599NJH6Q, STM32U599VIT6Q, STM32U599VJT6, STM32U599VJT6Q, STM32U599ZIT6Q, STM32U599ZIY6QTR, STM32U599ZJT6Q, STM32U599ZJY6QTR, STM32U5A5AJH6, STM32U5A5AJH6Q, STM32U5A5QII3Q , STM32U5A5QJI6, STM32U5A5QJI6Q, STM32U5A5RJT6, STM32U5A5RJT6Q, STM32U5A5VJT6, STM32U5A5VJT6Q, STM32U5A5ZJT6, STM32U5A5ZJT6Q, STM32U5A5ZJY6QTR, STM32U5A9BJY6QTR, STM32U5A9J-DK, STM32U5A9NJH6Q, STM32U5A9VJT6Q, STM32U5A9ZJT6Q, STM32U5A9ZJY6QTR, STM32U5F7VIT6, STM32U5F7VIT6Q, STM32U5F7VJT6, STM32U5F7VJT6Q, STM32U5F9BJY6QTR, STM32U5F9NJH6Q, STM32U5F9VIT6Q, STM32U5F9VJT6Q, STM32U5F9ZIJ6QTR, STM32U5F9ZIT6Q, STM32U5F9ZJJ6QTR, STM32U5F9ZJT6Q, STM32U5G7VJT6, STM32U5G7VJT6Q, STM32U5G9BJY6QTR, STM32U5G9J-DK1, STM32U5G9J-DK2, STM32U5G9NJH6Q, STM32U5G9VJT6Q, STM32U5G9ZJJ6QTR, STM32U5G9ZJT6Q, STM32WB05KZV6TR, STM32WB05KZV7TR, STM32WB05TZF6TR, STM32WB05TZF7TR, STM32WB06CCF6TR, STM32WB06CCF7TR, STM32WB06CCV6TR, STM32WB06CCV7TR, STM32WB06KCV6TR, STM32WB06KCV7TR, STM32WB07CCF6TR, STM32WB07CCF7TR, STM32WB07CCV6TR, STM32WB07CCV7TR, STM32WB07KCV6TR, STM32WB07KCV7TR, STM32WB09KEV6TR, STM32WB09KEV7TR, STM32WB09TEF6TR, STM32WB09TEF7TR, STM32WB1MMCH6, STM32WBA50KGU6, STM32WBA50KGU6TR, STM32WBA52CEU6, STM32WBA52CEU6TR, STM32WBA52CEU7, STM32WBA52CEU7TR, STM32WBA52CGU6, STM32WBA52CGU6TR, STM32WBA52CGU6U, STM32WBA52CGU7, STM32WBA52CGU7TR, STM32WBA52KEU6, STM32WBA52KEU6TR, STM32WBA52KGU6, STM32WBA52KGU6TR, STM32WBA54CEU6, STM32WBA54CEU6TR, STM32WBA54CEU7, STM32WBA54CEU7TR, STM32WBA54CGU6, STM32WBA54CGU6TR, STM32WBA54CGU7, STM32WBA54CGU7TR, STM32WBA54KEU6, STM32WBA54KEU6TR, STM32WBA54KEU7, STM32WBA54KEU7TR, STM32WBA54KGU6, STM32WBA54KGU6TR, STM32WBA54KGU7, STM32WBA54KGU7TR, STM32WBA55CEU6, STM32WBA55CEU6TR, STM32WBA55CEU7, STM32WBA55CEU7TR, STM32WBA55CGU6, STM32WBA55CGU6TR, STM32WBA55CGU6U, STM32WBA55CGU7, STM32WBA55CGU7TR, STM32WBA55G-DK1, STM32WBA55HEF6, STM32WBA55HEF7, STM32WBA55HGF6, STM32WBA55HGF7, STM32WBA55UEI6, STM32WBA55UEI6TR, STM32WBA55UEI7, STM32WBA55UEI7TR, STM32WBA55UGI6, STM32WBA55UGI6TR, STM32WBA55UGI7, STM32WBA55UGI7TR, STM32WL5MOCH6, STM32WL5MOCH6TR]
2024-09-24 07:16:32,325 [INFO] DbMcus:218 - Found 4252 MCUs, 4252 are supported
2024-09-24 07:16:32,326 [INFO] ApiDb:423 - Load user favorites file C:\Users\Lenovo/.stm32cubeide/favorites.mcus.txt: 0 item(s)
2024-09-24 07:16:32,326 [INFO] ApiDb:427 - User favorites MCUs=[]
2024-09-24 07:16:32,326 [INFO] DbMcus:224 - Set 0 / 0 favorites MCUs
2024-09-24 07:16:32,588 [INFO] ApiDb:423 - Load user favorites file C:\Users\Lenovo/.stm32cubeide/favorites.boards.txt: 0 item(s)
2024-09-24 07:16:32,588 [INFO] ApiDb:427 - User favorites Boards=[]
2024-09-24 07:16:32,588 [INFO] DbBoards:198 - Set 0 / 0 favorites Boards
2024-09-24 07:16:32,641 [INFO] UtilMem:75 - End LoadConfig() Used Memory: 378668456 Bytes (896532480)
2024-09-24 07:16:32,756 [WARN] ThirdParty:833 - waiting for thirdparty lock release [change project]
2024-09-24 07:16:32,756 [INFO] ThirdParty:835 - entering critical section [change project]
2024-09-24 07:16:32,757 [INFO] ThirdParty:1030 - CMSIS Pack Vendor :STMicroelectronics USBPD 4.1
2024-09-24 07:16:32,757 [INFO] ThirdParty:1030 - CMSIS Pack Vendor :STMicroelectronics X-CUBE-AZRTOS-H7 3.3.0
2024-09-24 07:16:32,757 [INFO] ThirdParty:1030 - CMSIS Pack Vendor :STMicroelectronics USB_HOST 2.0.0
2024-09-24 07:16:32,757 [INFO] ThirdParty:1030 - CMSIS Pack Vendor :STMicroelectronics FP-SNS-MOTENVWB1 1.4.0
2024-09-24 07:16:32,757 [INFO] ThirdParty:1030 - CMSIS Pack Vendor :STMicroelectronics X-CUBE-AZRTOS-F4 1.1.0
2024-09-24 07:16:32,757 [INFO] ThirdParty:1030 - CMSIS Pack Vendor :STMicroelectronics LIBJPEG 8.0.0
2024-09-24 07:16:32,757 [INFO] ThirdParty:1030 - CMSIS Pack Vendor :STMicroelectronics X-CUBE-SMBUS 2.1.0
2024-09-24 07:16:32,757 [INFO] ThirdParty:1030 - CMSIS Pack Vendor :STMicroelectronics USB_DEVICE 3.0.0
2024-09-24 07:16:32,757 [INFO] ThirdParty:1030 - CMSIS Pack Vendor :STMicroelectronics X-CUBE-TCPP 4.1.0
2024-09-24 07:16:32,757 [INFO] ThirdParty:1030 - CMSIS Pack Vendor :STMicroelectronics X-CUBE-ISPU 2.1.0
2024-09-24 07:16:32,757 [INFO] ThirdParty:1030 - CMSIS Pack Vendor :STMicroelectronics X-CUBE-FREERTOS 1.2.0
2024-09-24 07:16:32,757 [INFO] ThirdParty:1030 - CMSIS Pack Vendor :STMicroelectronics X-CUBE-AZRTOS-WB 2.0.0
2024-09-24 07:16:32,757 [INFO] ThirdParty:1030 - CMSIS Pack Vendor :STMicroelectronics X-CUBE-GNSS1 7.0.0
2024-09-24 07:16:32,757 [INFO] ThirdParty:1030 - CMSIS Pack Vendor :STMicroelectronics X-CUBE-AZRTOS-F7 1.1.0
2024-09-24 07:16:32,757 [INFO] ThirdParty:1030 - CMSIS Pack Vendor :STMicroelectronics X-CUBE-AZRTOS-L5 2.0.0
2024-09-24 07:16:32,757 [INFO] ThirdParty:1030 - CMSIS Pack Vendor :STMicroelectronics USB_DEVICE 2.0.0
2024-09-24 07:16:32,757 [INFO] ThirdParty:1030 - CMSIS Pack Vendor :STMicroelectronics X-CUBE-NFC6 3.1.0
2024-09-24 07:16:32,757 [INFO] ThirdParty:1030 - CMSIS Pack Vendor :STMicroelectronics FP-SNS-STBOX1 2.0.0
2024-09-24 07:16:32,757 [INFO] ThirdParty:1030 - CMSIS Pack Vendor :STMicroelectronics X-CUBE-MEMS1 11.0.0
2024-09-24 07:16:32,757 [INFO] ThirdParty:1030 - CMSIS Pack Vendor :STMicroelectronics FreeRTOS 0.0.1
2024-09-24 07:16:32,757 [INFO] ThirdParty:1030 - CMSIS Pack Vendor :STMicroelectronics X-CUBE-AZRTOS-G0 1.1.0
2024-09-24 07:16:32,757 [INFO] ThirdParty:1030 - CMSIS Pack Vendor :STMicroelectronics X-CUBE-SAFEA1 1.2.2
2024-09-24 07:16:32,757 [INFO] ThirdParty:1030 - CMSIS Pack Vendor :STMicroelectronics X-CUBE-NFC4 3.0.0
2024-09-24 07:16:32,757 [INFO] ThirdParty:1030 - CMSIS Pack Vendor :STMicroelectronics X-CUBE-DPower 1.2.0
2024-09-24 07:16:32,757 [INFO] ThirdParty:1030 - CMSIS Pack Vendor :STMicroelectronics X-CUBE-SUBG2 5.0.0
2024-09-24 07:16:32,757 [INFO] ThirdParty:1030 - CMSIS Pack Vendor :STMicroelectronics STM32_WPAN 1.0.0
2024-09-24 07:16:32,757 [INFO] ThirdParty:1030 - CMSIS Pack Vendor :EmbeddedOffice I-CUBE-FS-RTOS 1.0.1
2024-09-24 07:16:32,757 [INFO] ThirdParty:1030 - CMSIS Pack Vendor :STMicroelectronics lwIP 2.0.3
2024-09-24 07:16:32,757 [INFO] ThirdParty:1030 - CMSIS Pack Vendor :STMicroelectronics FP-SNS-FLIGHT1 5.0.2
2024-09-24 07:16:32,757 [INFO] ThirdParty:1030 - CMSIS Pack Vendor :Cesanta I-CUBE-Mongoose 7.13.0
2024-09-24 07:16:32,757 [INFO] ThirdParty:1030 - CMSIS Pack Vendor :STMicroelectronics USB_HOST 1.0.0
2024-09-24 07:16:32,757 [INFO] ThirdParty:1030 - CMSIS Pack Vendor :STMicroelectronics X-CUBE-AI 9.0.0
2024-09-24 07:16:32,757 [INFO] ThirdParty:1030 - CMSIS Pack Vendor :STMicroelectronics X-CUBE-AZRTOS-G4 2.0.0
2024-09-24 07:16:32,757 [INFO] ThirdParty:1030 - CMSIS Pack Vendor :STMicroelectronics PDM2PCM 3.1.0
2024-09-24 07:16:32,758 [INFO] ThirdParty:1030 - CMSIS Pack Vendor :STMicroelectronics PDM2PCM 3.3.0
2024-09-24 07:16:32,758 [INFO] ThirdParty:1030 - CMSIS Pack Vendor :STMicroelectronics X-CUBE-DISPLAY 3.0.0
2024-09-24 07:16:32,758 [INFO] ThirdParty:1030 - CMSIS Pack Vendor :RealThread X-CUBE-RT-Thread_Nano 4.1.1
2024-09-24 07:16:32,758 [INFO] ThirdParty:1030 - CMSIS Pack Vendor :STMicroelectronics X-CUBE-BLE1 7.0.0
2024-09-24 07:16:32,758 [INFO] ThirdParty:1030 - CMSIS Pack Vendor :STMicroelectronics FP-ATR-SIGFOX1 3.2.0
2024-09-24 07:16:32,758 [INFO] ThirdParty:1030 - CMSIS Pack Vendor :wolfSSL I-CUBE-wolfSSL 5.7.2
2024-09-24 07:16:32,758 [INFO] ThirdParty:1030 - CMSIS Pack Vendor :STMicroelectronics X-CUBE-EEPRMA1 5.1.0
2024-09-24 07:16:32,758 [INFO] ThirdParty:1030 - CMSIS Pack Vendor :STMicroelectronics HAL Drivers 0.0.0
2024-09-24 07:16:32,758 [INFO] ThirdParty:1030 - CMSIS Pack Vendor :STMicroelectronics MBEDTLS 2.16.2
2024-09-24 07:16:32,758 [INFO] ThirdParty:1030 - CMSIS Pack Vendor :STMicroelectronics X-CUBE-ALS 1.0.2
2024-09-24 07:16:32,758 [INFO] ThirdParty:1030 - CMSIS Pack Vendor :emotas I-CUBE-CANOPEN 1.3.0
2024-09-24 07:16:32,758 [INFO] ThirdParty:1030 - CMSIS Pack Vendor :STMicroelectronics X-CUBE-NFC7 1.0.1
2024-09-24 07:16:32,758 [INFO] ThirdParty:1030 - CMSIS Pack Vendor :STMicroelectronics MBEDTLS 2.14.1
2024-09-24 07:16:32,758 [INFO] ThirdParty:1030 - CMSIS Pack Vendor :STMicroelectronics X-CUBE-TOUCHGFX 4.24.0
2024-09-24 07:16:32,758 [INFO] ThirdParty:1030 - CMSIS Pack Vendor :ITTIA_DB I-CUBE-ITTIADB 8.9.0
2024-09-24 07:16:32,758 [INFO] ThirdParty:1030 - CMSIS Pack Vendor :STMicroelectronics X-CUBE-TOUCHGFX 4.24.1
2024-09-24 07:16:32,758 [INFO] ThirdParty:1030 - CMSIS Pack Vendor :wolfSSL I-CUBE-wolfTPM 3.4.0
2024-09-24 07:16:32,758 [INFO] ThirdParty:1030 - CMSIS Pack Vendor :portGmbH I-Cube-SoM-uGOAL 1.1.0
2024-09-24 07:16:32,758 [INFO] ThirdParty:1030 - CMSIS Pack Vendor :STMicroelectronics X-CUBE-BLEMGR 3.1.0
2024-09-24 07:16:32,758 [INFO] ThirdParty:1030 - CMSIS Pack Vendor :STMicroelectronics ThreadX 1.0.0
2024-09-24 07:16:32,758 [INFO] ThirdParty:1030 - CMSIS Pack Vendor :STMicroelectronics FP-SNS-SMARTAG2 1.2.0
2024-09-24 07:16:32,758 [INFO] ThirdParty:1030 - CMSIS Pack Vendor :STMicroelectronics X-CUBE-AZRTOS-WL 2.0.0
2024-09-24 07:16:32,758 [INFO] ThirdParty:1030 - CMSIS Pack Vendor :SEGGER I-CUBE-embOS 1.3.1
2024-09-24 07:16:32,758 [INFO] ThirdParty:1030 - CMSIS Pack Vendor :STMicroelectronics X-CUBE-ALGOBUILD 1.4.0
2024-09-24 07:16:32,758 [INFO] ThirdParty:1030 - CMSIS Pack Vendor :STMicroelectronics FP-SNS-MOTENV1 5.0.0
2024-09-24 07:16:32,758 [INFO] ThirdParty:1030 - CMSIS Pack Vendor :STMicroelectronics USB_DEVICE 1.0.0
2024-09-24 07:16:32,758 [INFO] ThirdParty:1030 - CMSIS Pack Vendor :STMicroelectronics X-CUBE-AZRTOS-H7RS 1.0.0
2024-09-24 07:16:32,758 [INFO] ThirdParty:1030 - CMSIS Pack Vendor :wolfSSL I-CUBE-wolfMQTT 1.19.0
2024-09-24 07:16:32,758 [INFO] ThirdParty:1030 - CMSIS Pack Vendor :STMicroelectronics X-CUBE-AZRTOS-L4 2.0.0
2024-09-24 07:16:32,758 [INFO] ThirdParty:1030 - CMSIS Pack Vendor :STMicroelectronics ThreadX 0.0.2
2024-09-24 07:16:32,758 [INFO] ThirdParty:1030 - CMSIS Pack Vendor :WES I-CUBE-Cesium 1.3.0
2024-09-24 07:16:32,758 [INFO] ThirdParty:1030 - CMSIS Pack Vendor :STMicroelectronics FP-ATR-ASTRA1 2.0.0
2024-09-24 07:16:32,758 [INFO] ThirdParty:1030 - CMSIS Pack Vendor :STMicroelectronics lwIP 2.1.2
2024-09-24 07:16:32,758 [INFO] ThirdParty:1030 - CMSIS Pack Vendor :STMicroelectronics X-CUBE-SFXS2LP1 4.0.0
2024-09-24 07:16:32,758 [INFO] ThirdParty:1030 - CMSIS Pack Vendor :STMicroelectronics X-CUBE-BLE2 3.3.0
2024-09-24 07:16:32,758 [INFO] ThirdParty:1030 - CMSIS Pack Vendor :STMicroelectronics X-CUBE-TOF1 3.4.2
2024-09-24 07:16:32,759 [INFO] ThirdParty:1030 - CMSIS Pack Vendor :Infineon AIROC-Wi-Fi-Bluetooth-STM32 1.6.1
2024-09-24 07:16:32,759 [INFO] ThirdParty:1030 - CMSIS Pack Vendor :STMicroelectronics PDM2PCM 3.2.0
2024-09-24 07:16:32,759 [INFO] ThirdParty:1030 - CMSIS Pack Vendor :wolfSSL I-CUBE-wolfSSH 1.4.17
2024-09-24 07:16:32,759 [INFO] ThirdParty:841 - exiting critical section [change project]
2024-09-24 07:16:32,950 [INFO] PinOutPanel:1561 - setPackage(No Configuration,No Configuration)
2024-09-24 07:16:32,952 [INFO] PinOutPanel:1561 - setPackage(STM32F103C8Tx,LQFP48)
2024-09-24 07:16:33,295 [INFO] UtilMem:75 - Before build in PCC Used Memory: 530995856 Bytes (896532480)
2024-09-24 07:16:33,838 [INFO] UtilMem:75 - After build in PCC Used Memory: 623428784 Bytes (896532480)
2024-09-24 07:16:33,863 [INFO] IPUIPlugin:80 - create IPUIPlugin
2024-09-24 07:16:33,863 [INFO] IPUIPlugin:80 - create IPUIPlugin
2024-09-24 07:16:33,864 [INFO] IPUIPlugin:80 - create IPUIPlugin
2024-09-24 07:16:33,864 [INFO] IPUIPlugin:80 - create IPUIPlugin
2024-09-24 07:16:33,864 [INFO] IPUIPlugin:80 - create IPUIPlugin
2024-09-24 07:16:33,864 [INFO] IPUIPlugin:80 - create IPUIPlugin
2024-09-24 07:16:33,864 [INFO] IPUIPlugin:80 - create IPUIPlugin
2024-09-24 07:16:33,864 [INFO] IPUIPlugin:80 - create IPUIPlugin
2024-09-24 07:16:33,864 [INFO] IPUIPlugin:80 - create IPUIPlugin
2024-09-24 07:16:33,864 [INFO] IPUIPlugin:80 - create IPUIPlugin
2024-09-24 07:16:33,865 [INFO] IPUIPlugin:80 - create IPUIPlugin
2024-09-24 07:16:33,865 [INFO] IPUIPlugin:80 - create IPUIPlugin
2024-09-24 07:16:33,865 [INFO] IPUIPlugin:80 - create IPUIPlugin
2024-09-24 07:16:33,865 [INFO] IPUIPlugin:80 - create IPUIPlugin
2024-09-24 07:16:33,865 [INFO] IPUIPlugin:80 - create IPUIPlugin
2024-09-24 07:16:33,866 [INFO] IPUIPlugin:80 - create IPUIPlugin
2024-09-24 07:16:33,866 [INFO] IPUIPlugin:80 - create IPUIPlugin
2024-09-24 07:16:33,866 [INFO] IPUIPlugin:80 - create IPUIPlugin
2024-09-24 07:16:33,866 [INFO] IPUIPlugin:80 - create IPUIPlugin
2024-09-24 07:16:33,866 [INFO] IPUIPlugin:80 - create IPUIPlugin
2024-09-24 07:16:33,867 [INFO] IPUIPlugin:80 - create IPUIPlugin
2024-09-24 07:16:33,867 [INFO] IPUIPlugin:80 - create IPUIPlugin
2024-09-24 07:16:33,867 [INFO] IPUIPlugin:80 - create IPUIPlugin
2024-09-24 07:16:33,867 [INFO] IPUIPlugin:80 - create IPUIPlugin
2024-09-24 07:16:33,867 [INFO] IPUIPlugin:80 - create IPUIPlugin
2024-09-24 07:16:33,867 [INFO] IPUIPlugin:80 - create IPUIPlugin
2024-09-24 07:16:33,868 [INFO] IPUIPlugin:80 - create IPUIPlugin
2024-09-24 07:16:33,879 [INFO] Can:71 - Can Add PropertyChangeListener com.st.microxplorer.plugins.ip.can.Can@4465af34
2024-09-24 07:16:34,036 [INFO] CADModel:165 - CPN selected for project levelSTM32F103C8T6
2024-09-24 07:16:34,036 [INFO] CADModel:114 - Register for checkConnection events
2024-09-24 07:16:34,080 [INFO] OpenFileManager:363 - Restore cursor
2024-09-24 07:22:01,798 [INFO] MainUpdater:2873 - connection check result : 10
2024-09-24 07:22:01,798 [INFO] MainUpdater:2873 - connection check result : 10
2024-09-24 07:22:01,961 [INFO] MicroXplorer:468 - Change Database Path : 
2024-09-24 07:22:01,961 [INFO] MicroXplorer:498 - Change Database Version : DB.6.0.121
2024-09-24 07:22:01,972 [ERROR] ProjectManagerView:394 - 
java.lang.NullPointerException: Cannot invoke "javax.swing.JTextField.getText()" because the return value of "java.util.List.get(int)" is null
	at com.st.microxplorer.plugins.projectmanager.gui.ProjectChoiceTab$10.caretUpdate(ProjectChoiceTab.java:2622) ~[filemanager.jar:?]
	at javax.swing.text.JTextComponent.fireCaretUpdate(JTextComponent.java:412) ~[?:?]
	at javax.swing.text.JTextComponent$MutableCaretEvent.fire(JTextComponent.java:4491) ~[?:?]
	at javax.swing.text.JTextComponent$MutableCaretEvent.stateChanged(JTextComponent.java:4513) ~[?:?]
	at javax.swing.text.DefaultCaret.fireStateChanged(DefaultCaret.java:842) ~[?:?]
	at javax.swing.text.DefaultCaret.changeCaretPosition(DefaultCaret.java:1313) ~[?:?]
	at javax.swing.text.DefaultCaret.handleSetDot(DefaultCaret.java:1212) ~[?:?]
	at javax.swing.text.DefaultCaret.setDot(DefaultCaret.java:1193) ~[?:?]
	at javax.swing.text.DefaultCaret$Handler.insertUpdate(DefaultCaret.java:1789) ~[?:?]
	at javax.swing.text.AbstractDocument.fireInsertUpdate(AbstractDocument.java:226) ~[?:?]
	at javax.swing.text.AbstractDocument.handleInsertString(AbstractDocument.java:780) ~[?:?]
	at javax.swing.text.AbstractDocument.insertString(AbstractDocument.java:739) ~[?:?]
	at javax.swing.text.PlainDocument.insertString(PlainDocument.java:131) ~[?:?]
	at javax.swing.text.AbstractDocument.replace(AbstractDocument.java:698) ~[?:?]
	at javax.swing.text.JTextComponent.setText(JTextComponent.java:1729) ~[?:?]
	at com.st.microxplorer.plugins.projectmanager.gui.ProjectChoiceTab.createHeapStackFields(ProjectChoiceTab.java:972) ~[filemanager.jar:?]
	at com.st.microxplorer.plugins.projectmanager.gui.ProjectChoiceTab.buildLinkSettingsPanel(ProjectChoiceTab.java:3597) ~[filemanager.jar:?]
	at com.st.microxplorer.plugins.projectmanager.gui.ProjectChoiceTab.defineWindowsFields(ProjectChoiceTab.java:1940) ~[filemanager.jar:?]
	at com.st.microxplorer.plugins.projectmanager.gui.ProjectChoiceTab.updateSettings(ProjectChoiceTab.java:550) ~[filemanager.jar:?]
	at com.st.microxplorer.plugins.projectmanager.gui.ProjectSettingsPanel.UpdateDialog(ProjectSettingsPanel.java:245) ~[filemanager.jar:?]
	at com.st.microxplorer.plugins.projectmanager.ProjectManagerView.propertyChange(ProjectManagerView.java:391) ~[filemanager.jar:?]
	at java.beans.PropertyChangeSupport.fire(PropertyChangeSupport.java:343) ~[?:?]
	at java.beans.PropertyChangeSupport.firePropertyChange(PropertyChangeSupport.java:335) ~[?:?]
	at java.beans.PropertyChangeSupport.firePropertyChange(PropertyChangeSupport.java:268) ~[?:?]
	at com.st.microxplorer.util.MXPropertyChangeSupport.firePropertyChange(MXPropertyChangeSupport.java:54) ~[STM32CubeMX.jar:?]
	at com.st.microxplorer.mxsystem.MxSystem.closeConfig(MxSystem.java:900) ~[STM32CubeMX.jar:?]
	at com.st.microxplorer.maingui.MainPanel.closeConfig(MainPanel.java:781) ~[STM32CubeMX.jar:?]
	at com.st.microxplorer.plugins.filemanager.engine.OpenFileManager.loadConfigurationFile(OpenFileManager.java:265) ~[filemanager.jar:?]
	at com.st.microxplorer.plugins.filemanager.engine.MainFileManager.userLoadConfig(MainFileManager.java:352) ~[filemanager.jar:?]
	at com.st.microxplorer.plugins.filemanager.engine.MainFileManager.userLoadConfig(MainFileManager.java:330) ~[filemanager.jar:?]
	at com.st.microxplorer.plugins.filemanager.FileManagerView.getSpecificTask(FileManagerView.java:246) ~[filemanager.jar:?]
	at com.st.stm32cube.common.mx.editor.CubeMxEditor.getMxTabbedPaneInstance(CubeMxEditor.java:1198) ~[com.st.stm32cube.common.mx_6.12.1.202409122256/:?]
	at com.st.stm32cube.common.mx.editor.CubeMxEditor$12$1.createSwingComponent(CubeMxEditor.java:1068) ~[com.st.stm32cube.common.mx_6.12.1.202409122256/:?]
	at com.st.stm32cube.common.mx.oss.core.awtswtbridge.EmbeddedSwingComposite.doComponentCreation(EmbeddedSwingComposite.java:492) ~[com.st.stm32cube.common.mx.oss_6.12.1.202409122256/:?]
	at com.st.stm32cube.common.mx.oss.core.awtswtbridge.EmbeddedSwingComposite$4.run(EmbeddedSwingComposite.java:291) ~[com.st.stm32cube.common.mx.oss_6.12.1.202409122256/:?]
	at com.st.stm32cube.common.mx.oss.core.awtswtbridge.AwtEnvironment$2.run(AwtEnvironment.java:166) ~[com.st.stm32cube.common.mx.oss_6.12.1.202409122256/:?]
	at java.awt.event.InvocationEvent.dispatch(InvocationEvent.java:318) ~[?:?]
	at java.awt.EventQueue.dispatchEventImpl(EventQueue.java:773) ~[?:?]
	at java.awt.EventQueue$4.run(EventQueue.java:720) ~[?:?]
	at java.awt.EventQueue$4.run(EventQueue.java:714) ~[?:?]
	at java.security.AccessController.doPrivileged(AccessController.java:399) ~[?:?]
	at java.security.ProtectionDomain$JavaSecurityAccessImpl.doIntersectionPrivilege(ProtectionDomain.java:86) ~[?:?]
	at java.awt.EventQueue.dispatchEvent(EventQueue.java:742) ~[?:?]
	at java.awt.EventDispatchThread.pumpOneEventForFilters(EventDispatchThread.java:203) ~[?:?]
	at java.awt.EventDispatchThread.pumpEventsForFilter(EventDispatchThread.java:124) ~[?:?]
	at java.awt.EventDispatchThread.pumpEventsForHierarchy(EventDispatchThread.java:113) ~[?:?]
	at java.awt.EventDispatchThread.pumpEvents(EventDispatchThread.java:109) ~[?:?]
	at java.awt.EventDispatchThread.pumpEvents(EventDispatchThread.java:101) ~[?:?]
	at java.awt.EventDispatchThread.run(EventDispatchThread.java:90) ~[?:?]
2024-09-24 07:22:01,978 [WARN] ThirdParty:871 - waiting for thirdparty lock release [close project]
2024-09-24 07:22:01,978 [INFO] ThirdParty:873 - entering critical section [close project]
2024-09-24 07:22:01,978 [INFO] ThirdParty:883 - exiting critical section [close project]
2024-09-24 07:22:01,979 [INFO] PinOutPanel:1561 - setPackage(No Configuration,No Configuration)
2024-09-24 07:22:01,985 [INFO] UtilMem:75 - Begin LoadConfig() Used Memory: 661858168 Bytes (759169024)
2024-09-24 07:22:01,986 [INFO] MicroXplorer:468 - Change Database Path : 
2024-09-24 07:22:01,986 [INFO] MicroXplorer:498 - Change Database Version : DB.6.0.121
2024-09-24 07:22:01,986 [INFO] OpenFileManager:332 - Change cursor
2024-09-24 07:22:01,993 [INFO] Mcu:2032 - Initializing MCU STM32F103C(8-B)Tx STM32F103C8Tx STM32F103C8T6
2024-09-24 07:22:02,346 [INFO] Context:742 - Trying to add GPIOservice into a context  which must be forbidden
2024-09-24 07:22:02,491 [INFO] RtosManager:555 - Registered RTOS mode: class=CMSIS, group=RTOS, mode=CMSIS_V1, owner=FREERTOS
2024-09-24 07:22:02,491 [INFO] RtosManager:555 - Registered RTOS mode: class=CMSIS, group=RTOS2, mode=CMSIS_V2, owner=FREERTOS
2024-09-24 07:22:02,491 [INFO] RtosManager:555 - Registered RTOS mode: class=RTOS, group=Core, mode=CMSIS_V1, owner=FREERTOS
2024-09-24 07:22:02,491 [INFO] RtosManager:555 - Registered RTOS mode: class=RTOS, group=Core, mode=CMSIS_V2, owner=FREERTOS
2024-09-24 07:22:02,491 [WARN] ModelIntegratedComponent:184 - Missing modes for component STMicroelectronics:FreeRTOS:0.0.1:STMicroelectronics:RTOS:FreeRTOS:Core:::10.2.0:
2024-09-24 07:22:02,501 [WARN] ModelIntegratedComponent:63 - No mode defined for component null
2024-09-24 07:22:02,501 [WARN] ModelIntegratedComponent:63 - No mode defined for component null
2024-09-24 07:22:02,501 [WARN] ModelIntegratedComponent:63 - No mode defined for component null
2024-09-24 07:22:02,501 [WARN] ModelIntegratedComponent:63 - No mode defined for component null
2024-09-24 07:22:02,501 [WARN] ModelIntegratedComponent:63 - No mode defined for component null
2024-09-24 07:22:02,501 [WARN] ModelIntegratedComponent:63 - No mode defined for component null
2024-09-24 07:22:02,501 [WARN] ModelIntegratedComponent:63 - No mode defined for component null
2024-09-24 07:22:02,501 [WARN] ModelIntegratedComponent:63 - No mode defined for component null
2024-09-24 07:22:02,501 [WARN] ModelIntegratedComponent:63 - No mode defined for component null
2024-09-24 07:22:02,501 [WARN] ModelIntegratedComponent:63 - No mode defined for component null
2024-09-24 07:22:02,501 [WARN] ModelIntegratedComponent:63 - No mode defined for component null
2024-09-24 07:22:02,501 [WARN] ModelIntegratedComponent:63 - No mode defined for component null
2024-09-24 07:22:02,501 [WARN] ModelIntegratedComponent:63 - No mode defined for component null
2024-09-24 07:22:02,501 [WARN] ModelIntegratedComponent:63 - No mode defined for component null
2024-09-24 07:22:02,501 [WARN] ModelIntegratedComponent:63 - No mode defined for component null
2024-09-24 07:22:02,501 [WARN] ModelIntegratedComponent:63 - No mode defined for component null
2024-09-24 07:22:02,501 [WARN] ModelIntegratedComponent:63 - No mode defined for component null
2024-09-24 07:22:02,501 [WARN] ModelIntegratedComponent:63 - No mode defined for component null
2024-09-24 07:22:02,501 [WARN] ModelIntegratedComponent:63 - No mode defined for component null
2024-09-24 07:22:02,501 [WARN] ModelIntegratedComponent:63 - No mode defined for component null
2024-09-24 07:22:02,502 [WARN] ModelIntegratedComponent:63 - No mode defined for component null
2024-09-24 07:22:02,502 [WARN] ModelIntegratedComponent:63 - No mode defined for component null
2024-09-24 07:22:02,502 [WARN] ModelIntegratedComponent:63 - No mode defined for component null
2024-09-24 07:22:02,502 [WARN] ModelIntegratedComponent:63 - No mode defined for component null
2024-09-24 07:22:02,502 [WARN] ModelIntegratedComponent:63 - No mode defined for component null
2024-09-24 07:22:02,502 [WARN] ModelIntegratedComponent:63 - No mode defined for component null
2024-09-24 07:22:02,502 [WARN] ModelIntegratedComponent:63 - No mode defined for component null
2024-09-24 07:22:02,502 [WARN] ModelIntegratedComponent:63 - No mode defined for component null
2024-09-24 07:22:02,502 [WARN] ModelIntegratedComponent:63 - No mode defined for component null
2024-09-24 07:22:02,502 [WARN] ModelIntegratedComponent:63 - No mode defined for component null
2024-09-24 07:22:02,502 [WARN] ModelIntegratedComponent:63 - No mode defined for component null
2024-09-24 07:22:02,502 [WARN] ModelIntegratedComponent:63 - No mode defined for component null
2024-09-24 07:22:02,502 [WARN] ModelIntegratedComponent:63 - No mode defined for component null
2024-09-24 07:22:02,502 [WARN] ModelIntegratedComponent:63 - No mode defined for component null
2024-09-24 07:22:02,502 [WARN] ModelIntegratedComponent:63 - No mode defined for component null
2024-09-24 07:22:02,502 [WARN] ModelPack:524 - Component already loaded: STMicroelectronics:HAL Drivers:0.0.0:STMicroelectronics:Device:STMicro_Driver:XSPI:HAL::0.0.1:HAL_XSPI
2024-09-24 07:22:02,515 [INFO] ThirdPartyModel:298 - Start build external matchings
2024-09-24 07:22:02,694 [INFO] ThirdPartyModel:316 - End build external matchings
2024-09-24 07:22:02,701 [INFO] ImportTextPane:205 - (OptionalMessage_ERROR) IP (RCC) : Parameter (ADCFreqValue) has invalid value (32000000)
2024-09-24 07:22:02,701 [INFO] ImportTextPane:205 - (OptionalMessage_ERROR) IP (RCC) : Invalid parameter (FamilyName)
2024-09-24 07:22:02,701 [INFO] ImportTextPane:205 - (OptionalMessage_ERROR) IP (RCC) : Parameter (MCOFreq_Value) has invalid value (64000000)
2024-09-24 07:22:02,701 [INFO] ImportTextPane:205 - (OptionalMessage_ERROR) IP (RCC) : Parameter (USBFreq_Value) has invalid value (64000000)
2024-09-24 07:22:02,832 [INFO] UtilMem:75 - End LoadConfig() Used Memory: 361588592 Bytes (759169024)
2024-09-24 07:22:02,856 [WARN] ThirdParty:833 - waiting for thirdparty lock release [change project]
2024-09-24 07:22:02,856 [INFO] ThirdParty:835 - entering critical section [change project]
2024-09-24 07:22:02,856 [INFO] ThirdParty:1030 - CMSIS Pack Vendor :STMicroelectronics USBPD 4.1
2024-09-24 07:22:02,856 [INFO] ThirdParty:1030 - CMSIS Pack Vendor :STMicroelectronics X-CUBE-AZRTOS-H7 3.3.0
2024-09-24 07:22:02,856 [INFO] ThirdParty:1030 - CMSIS Pack Vendor :STMicroelectronics USB_HOST 2.0.0
2024-09-24 07:22:02,856 [INFO] ThirdParty:1030 - CMSIS Pack Vendor :STMicroelectronics FP-SNS-MOTENVWB1 1.4.0
2024-09-24 07:22:02,856 [INFO] ThirdParty:1030 - CMSIS Pack Vendor :STMicroelectronics X-CUBE-AZRTOS-F4 1.1.0
2024-09-24 07:22:02,856 [INFO] ThirdParty:1030 - CMSIS Pack Vendor :STMicroelectronics LIBJPEG 8.0.0
2024-09-24 07:22:02,856 [INFO] ThirdParty:1030 - CMSIS Pack Vendor :STMicroelectronics X-CUBE-SMBUS 2.1.0
2024-09-24 07:22:02,856 [INFO] ThirdParty:1030 - CMSIS Pack Vendor :STMicroelectronics USB_DEVICE 3.0.0
2024-09-24 07:22:02,856 [INFO] ThirdParty:1030 - CMSIS Pack Vendor :STMicroelectronics X-CUBE-TCPP 4.1.0
2024-09-24 07:22:02,856 [INFO] ThirdParty:1030 - CMSIS Pack Vendor :STMicroelectronics X-CUBE-ISPU 2.1.0
2024-09-24 07:22:02,856 [INFO] ThirdParty:1030 - CMSIS Pack Vendor :STMicroelectronics X-CUBE-FREERTOS 1.2.0
2024-09-24 07:22:02,856 [INFO] ThirdParty:1030 - CMSIS Pack Vendor :STMicroelectronics X-CUBE-AZRTOS-WB 2.0.0
2024-09-24 07:22:02,856 [INFO] ThirdParty:1030 - CMSIS Pack Vendor :STMicroelectronics X-CUBE-GNSS1 7.0.0
2024-09-24 07:22:02,856 [INFO] ThirdParty:1030 - CMSIS Pack Vendor :STMicroelectronics X-CUBE-AZRTOS-F7 1.1.0
2024-09-24 07:22:02,856 [INFO] ThirdParty:1030 - CMSIS Pack Vendor :STMicroelectronics X-CUBE-AZRTOS-L5 2.0.0
2024-09-24 07:22:02,857 [INFO] ThirdParty:1030 - CMSIS Pack Vendor :STMicroelectronics USB_DEVICE 2.0.0
2024-09-24 07:22:02,857 [INFO] ThirdParty:1030 - CMSIS Pack Vendor :STMicroelectronics X-CUBE-NFC6 3.1.0
2024-09-24 07:22:02,857 [INFO] ThirdParty:1030 - CMSIS Pack Vendor :STMicroelectronics FP-SNS-STBOX1 2.0.0
2024-09-24 07:22:02,857 [INFO] ThirdParty:1030 - CMSIS Pack Vendor :STMicroelectronics X-CUBE-MEMS1 11.0.0
2024-09-24 07:22:02,857 [INFO] ThirdParty:1030 - CMSIS Pack Vendor :STMicroelectronics FreeRTOS 0.0.1
2024-09-24 07:22:02,857 [INFO] ThirdParty:1030 - CMSIS Pack Vendor :STMicroelectronics X-CUBE-AZRTOS-G0 1.1.0
2024-09-24 07:22:02,857 [INFO] ThirdParty:1030 - CMSIS Pack Vendor :STMicroelectronics X-CUBE-SAFEA1 1.2.2
2024-09-24 07:22:02,857 [INFO] ThirdParty:1030 - CMSIS Pack Vendor :STMicroelectronics X-CUBE-NFC4 3.0.0
2024-09-24 07:22:02,857 [INFO] ThirdParty:1030 - CMSIS Pack Vendor :STMicroelectronics X-CUBE-DPower 1.2.0
2024-09-24 07:22:02,857 [INFO] ThirdParty:1030 - CMSIS Pack Vendor :STMicroelectronics X-CUBE-SUBG2 5.0.0
2024-09-24 07:22:02,857 [INFO] ThirdParty:1030 - CMSIS Pack Vendor :STMicroelectronics STM32_WPAN 1.0.0
2024-09-24 07:22:02,857 [INFO] ThirdParty:1030 - CMSIS Pack Vendor :EmbeddedOffice I-CUBE-FS-RTOS 1.0.1
2024-09-24 07:22:02,857 [INFO] ThirdParty:1030 - CMSIS Pack Vendor :STMicroelectronics lwIP 2.0.3
2024-09-24 07:22:02,857 [INFO] ThirdParty:1030 - CMSIS Pack Vendor :STMicroelectronics FP-SNS-FLIGHT1 5.0.2
2024-09-24 07:22:02,857 [INFO] ThirdParty:1030 - CMSIS Pack Vendor :Cesanta I-CUBE-Mongoose 7.13.0
2024-09-24 07:22:02,857 [INFO] ThirdParty:1030 - CMSIS Pack Vendor :STMicroelectronics USB_HOST 1.0.0
2024-09-24 07:22:02,857 [INFO] ThirdParty:1030 - CMSIS Pack Vendor :STMicroelectronics X-CUBE-AI 9.0.0
2024-09-24 07:22:02,857 [INFO] ThirdParty:1030 - CMSIS Pack Vendor :STMicroelectronics X-CUBE-AZRTOS-G4 2.0.0
2024-09-24 07:22:02,857 [INFO] ThirdParty:1030 - CMSIS Pack Vendor :STMicroelectronics PDM2PCM 3.1.0
2024-09-24 07:22:02,857 [INFO] ThirdParty:1030 - CMSIS Pack Vendor :STMicroelectronics PDM2PCM 3.3.0
2024-09-24 07:22:02,857 [INFO] ThirdParty:1030 - CMSIS Pack Vendor :STMicroelectronics X-CUBE-DISPLAY 3.0.0
2024-09-24 07:22:02,857 [INFO] ThirdParty:1030 - CMSIS Pack Vendor :RealThread X-CUBE-RT-Thread_Nano 4.1.1
2024-09-24 07:22:02,858 [INFO] ThirdParty:1030 - CMSIS Pack Vendor :STMicroelectronics X-CUBE-BLE1 7.0.0
2024-09-24 07:22:02,858 [INFO] ThirdParty:1030 - CMSIS Pack Vendor :STMicroelectronics FP-ATR-SIGFOX1 3.2.0
2024-09-24 07:22:02,858 [INFO] ThirdParty:1030 - CMSIS Pack Vendor :wolfSSL I-CUBE-wolfSSL 5.7.2
2024-09-24 07:22:02,858 [INFO] ThirdParty:1030 - CMSIS Pack Vendor :STMicroelectronics X-CUBE-EEPRMA1 5.1.0
2024-09-24 07:22:02,858 [INFO] ThirdParty:1030 - CMSIS Pack Vendor :STMicroelectronics HAL Drivers 0.0.0
2024-09-24 07:22:02,858 [INFO] ThirdParty:1030 - CMSIS Pack Vendor :STMicroelectronics MBEDTLS 2.16.2
2024-09-24 07:22:02,858 [INFO] ThirdParty:1030 - CMSIS Pack Vendor :STMicroelectronics X-CUBE-ALS 1.0.2
2024-09-24 07:22:02,858 [INFO] ThirdParty:1030 - CMSIS Pack Vendor :emotas I-CUBE-CANOPEN 1.3.0
2024-09-24 07:22:02,858 [INFO] ThirdParty:1030 - CMSIS Pack Vendor :STMicroelectronics X-CUBE-NFC7 1.0.1
2024-09-24 07:22:02,858 [INFO] ThirdParty:1030 - CMSIS Pack Vendor :STMicroelectronics MBEDTLS 2.14.1
2024-09-24 07:22:02,858 [INFO] ThirdParty:1030 - CMSIS Pack Vendor :STMicroelectronics X-CUBE-TOUCHGFX 4.24.0
2024-09-24 07:22:02,858 [INFO] ThirdParty:1030 - CMSIS Pack Vendor :ITTIA_DB I-CUBE-ITTIADB 8.9.0
2024-09-24 07:22:02,858 [INFO] ThirdParty:1030 - CMSIS Pack Vendor :STMicroelectronics X-CUBE-TOUCHGFX 4.24.1
2024-09-24 07:22:02,858 [INFO] ThirdParty:1030 - CMSIS Pack Vendor :wolfSSL I-CUBE-wolfTPM 3.4.0
2024-09-24 07:22:02,858 [INFO] ThirdParty:1030 - CMSIS Pack Vendor :portGmbH I-Cube-SoM-uGOAL 1.1.0
2024-09-24 07:22:02,858 [INFO] ThirdParty:1030 - CMSIS Pack Vendor :STMicroelectronics X-CUBE-BLEMGR 3.1.0
2024-09-24 07:22:02,858 [INFO] ThirdParty:1030 - CMSIS Pack Vendor :STMicroelectronics ThreadX 1.0.0
2024-09-24 07:22:02,858 [INFO] ThirdParty:1030 - CMSIS Pack Vendor :STMicroelectronics FP-SNS-SMARTAG2 1.2.0
2024-09-24 07:22:02,858 [INFO] ThirdParty:1030 - CMSIS Pack Vendor :STMicroelectronics X-CUBE-AZRTOS-WL 2.0.0
2024-09-24 07:22:02,858 [INFO] ThirdParty:1030 - CMSIS Pack Vendor :SEGGER I-CUBE-embOS 1.3.1
2024-09-24 07:22:02,858 [INFO] ThirdParty:1030 - CMSIS Pack Vendor :STMicroelectronics X-CUBE-ALGOBUILD 1.4.0
2024-09-24 07:22:02,858 [INFO] ThirdParty:1030 - CMSIS Pack Vendor :STMicroelectronics FP-SNS-MOTENV1 5.0.0
2024-09-24 07:22:02,858 [INFO] ThirdParty:1030 - CMSIS Pack Vendor :STMicroelectronics USB_DEVICE 1.0.0
2024-09-24 07:22:02,858 [INFO] ThirdParty:1030 - CMSIS Pack Vendor :STMicroelectronics X-CUBE-AZRTOS-H7RS 1.0.0
2024-09-24 07:22:02,858 [INFO] ThirdParty:1030 - CMSIS Pack Vendor :wolfSSL I-CUBE-wolfMQTT 1.19.0
2024-09-24 07:22:02,858 [INFO] ThirdParty:1030 - CMSIS Pack Vendor :STMicroelectronics X-CUBE-AZRTOS-L4 2.0.0
2024-09-24 07:22:02,858 [INFO] ThirdParty:1030 - CMSIS Pack Vendor :STMicroelectronics ThreadX 0.0.2
2024-09-24 07:22:02,858 [INFO] ThirdParty:1030 - CMSIS Pack Vendor :WES I-CUBE-Cesium 1.3.0
2024-09-24 07:22:02,858 [INFO] ThirdParty:1030 - CMSIS Pack Vendor :STMicroelectronics FP-ATR-ASTRA1 2.0.0
2024-09-24 07:22:02,858 [INFO] ThirdParty:1030 - CMSIS Pack Vendor :STMicroelectronics lwIP 2.1.2
2024-09-24 07:22:02,858 [INFO] ThirdParty:1030 - CMSIS Pack Vendor :STMicroelectronics X-CUBE-SFXS2LP1 4.0.0
2024-09-24 07:22:02,858 [INFO] ThirdParty:1030 - CMSIS Pack Vendor :STMicroelectronics X-CUBE-BLE2 3.3.0
2024-09-24 07:22:02,858 [INFO] ThirdParty:1030 - CMSIS Pack Vendor :STMicroelectronics X-CUBE-TOF1 3.4.2
2024-09-24 07:22:02,859 [INFO] ThirdParty:1030 - CMSIS Pack Vendor :Infineon AIROC-Wi-Fi-Bluetooth-STM32 1.6.1
2024-09-24 07:22:02,859 [INFO] ThirdParty:1030 - CMSIS Pack Vendor :STMicroelectronics PDM2PCM 3.2.0
2024-09-24 07:22:02,859 [INFO] ThirdParty:1030 - CMSIS Pack Vendor :wolfSSL I-CUBE-wolfSSH 1.4.17
2024-09-24 07:22:02,859 [INFO] ThirdParty:841 - exiting critical section [change project]
2024-09-24 07:22:02,934 [INFO] PinOutPanel:1561 - setPackage(No Configuration,No Configuration)
2024-09-24 07:22:02,934 [INFO] PinOutPanel:1561 - setPackage(STM32F103C8Tx,LQFP48)
2024-09-24 07:22:03,131 [INFO] UtilMem:75 - Before build in PCC Used Memory: 264592040 Bytes (759169024)
2024-09-24 07:22:03,355 [INFO] UtilMem:75 - After build in PCC Used Memory: 306008744 Bytes (759169024)
2024-09-24 07:22:03,368 [INFO] IPUIPlugin:80 - create IPUIPlugin
2024-09-24 07:22:03,368 [INFO] IPUIPlugin:80 - create IPUIPlugin
2024-09-24 07:22:03,368 [INFO] IPUIPlugin:80 - create IPUIPlugin
2024-09-24 07:22:03,368 [INFO] IPUIPlugin:80 - create IPUIPlugin
2024-09-24 07:22:03,368 [INFO] IPUIPlugin:80 - create IPUIPlugin
2024-09-24 07:22:03,368 [INFO] IPUIPlugin:80 - create IPUIPlugin
2024-09-24 07:22:03,368 [INFO] IPUIPlugin:80 - create IPUIPlugin
2024-09-24 07:22:03,368 [INFO] IPUIPlugin:80 - create IPUIPlugin
2024-09-24 07:22:03,368 [INFO] IPUIPlugin:80 - create IPUIPlugin
2024-09-24 07:22:03,368 [INFO] IPUIPlugin:80 - create IPUIPlugin
2024-09-24 07:22:03,368 [INFO] IPUIPlugin:80 - create IPUIPlugin
2024-09-24 07:22:03,368 [INFO] IPUIPlugin:80 - create IPUIPlugin
2024-09-24 07:22:03,368 [INFO] IPUIPlugin:80 - create IPUIPlugin
2024-09-24 07:22:03,369 [INFO] IPUIPlugin:80 - create IPUIPlugin
2024-09-24 07:22:03,369 [INFO] IPUIPlugin:80 - create IPUIPlugin
2024-09-24 07:22:03,369 [INFO] IPUIPlugin:80 - create IPUIPlugin
2024-09-24 07:22:03,369 [INFO] IPUIPlugin:80 - create IPUIPlugin
2024-09-24 07:22:03,369 [INFO] IPUIPlugin:80 - create IPUIPlugin
2024-09-24 07:22:03,369 [INFO] IPUIPlugin:80 - create IPUIPlugin
2024-09-24 07:22:03,369 [INFO] IPUIPlugin:80 - create IPUIPlugin
2024-09-24 07:22:03,369 [INFO] IPUIPlugin:80 - create IPUIPlugin
2024-09-24 07:22:03,369 [INFO] IPUIPlugin:80 - create IPUIPlugin
2024-09-24 07:22:03,369 [INFO] IPUIPlugin:80 - create IPUIPlugin
2024-09-24 07:22:03,370 [INFO] IPUIPlugin:80 - create IPUIPlugin
2024-09-24 07:22:03,370 [INFO] IPUIPlugin:80 - create IPUIPlugin
2024-09-24 07:22:03,370 [INFO] IPUIPlugin:80 - create IPUIPlugin
2024-09-24 07:22:03,370 [INFO] IPUIPlugin:80 - create IPUIPlugin
2024-09-24 07:22:03,371 [INFO] Can:71 - Can Add PropertyChangeListener com.st.microxplorer.plugins.ip.can.Can@21dd2003
2024-09-24 07:22:03,411 [INFO] CADModel:165 - CPN selected for project levelSTM32F103C8T6
2024-09-24 07:22:03,411 [INFO] CADModel:114 - Register for checkConnection events
2024-09-24 07:22:03,454 [INFO] OpenFileManager:363 - Restore cursor
2024-09-24 07:29:42,494 [INFO] MainUpdater:2873 - connection check result : 10
2024-09-24 07:29:42,495 [INFO] MainUpdater:2873 - connection check result : 10
2024-09-24 07:29:42,531 [INFO] MicroXplorer:468 - Change Database Path : 
2024-09-24 07:29:42,531 [INFO] MicroXplorer:498 - Change Database Version : DB.6.0.121
2024-09-24 07:29:42,539 [ERROR] ProjectManagerView:394 - 
java.lang.NullPointerException: Cannot invoke "javax.swing.JTextField.getText()" because the return value of "java.util.List.get(int)" is null
	at com.st.microxplorer.plugins.projectmanager.gui.ProjectChoiceTab$10.caretUpdate(ProjectChoiceTab.java:2622) ~[filemanager.jar:?]
	at javax.swing.text.JTextComponent.fireCaretUpdate(JTextComponent.java:412) ~[?:?]
	at javax.swing.text.JTextComponent$MutableCaretEvent.fire(JTextComponent.java:4491) ~[?:?]
	at javax.swing.text.JTextComponent$MutableCaretEvent.stateChanged(JTextComponent.java:4513) ~[?:?]
	at javax.swing.text.DefaultCaret.fireStateChanged(DefaultCaret.java:842) ~[?:?]
	at javax.swing.text.DefaultCaret.changeCaretPosition(DefaultCaret.java:1313) ~[?:?]
	at javax.swing.text.DefaultCaret.handleSetDot(DefaultCaret.java:1212) ~[?:?]
	at javax.swing.text.DefaultCaret.setDot(DefaultCaret.java:1193) ~[?:?]
	at javax.swing.text.DefaultCaret$Handler.insertUpdate(DefaultCaret.java:1789) ~[?:?]
	at javax.swing.text.AbstractDocument.fireInsertUpdate(AbstractDocument.java:226) ~[?:?]
	at javax.swing.text.AbstractDocument.handleInsertString(AbstractDocument.java:780) ~[?:?]
	at javax.swing.text.AbstractDocument.insertString(AbstractDocument.java:739) ~[?:?]
	at javax.swing.text.PlainDocument.insertString(PlainDocument.java:131) ~[?:?]
	at javax.swing.text.AbstractDocument.replace(AbstractDocument.java:698) ~[?:?]
	at javax.swing.text.JTextComponent.setText(JTextComponent.java:1729) ~[?:?]
	at com.st.microxplorer.plugins.projectmanager.gui.ProjectChoiceTab.createHeapStackFields(ProjectChoiceTab.java:972) ~[filemanager.jar:?]
	at com.st.microxplorer.plugins.projectmanager.gui.ProjectChoiceTab.buildLinkSettingsPanel(ProjectChoiceTab.java:3597) ~[filemanager.jar:?]
	at com.st.microxplorer.plugins.projectmanager.gui.ProjectChoiceTab.defineWindowsFields(ProjectChoiceTab.java:1940) ~[filemanager.jar:?]
	at com.st.microxplorer.plugins.projectmanager.gui.ProjectChoiceTab.updateSettings(ProjectChoiceTab.java:550) ~[filemanager.jar:?]
	at com.st.microxplorer.plugins.projectmanager.gui.ProjectSettingsPanel.UpdateDialog(ProjectSettingsPanel.java:245) ~[filemanager.jar:?]
	at com.st.microxplorer.plugins.projectmanager.ProjectManagerView.propertyChange(ProjectManagerView.java:391) ~[filemanager.jar:?]
	at java.beans.PropertyChangeSupport.fire(PropertyChangeSupport.java:343) ~[?:?]
	at java.beans.PropertyChangeSupport.firePropertyChange(PropertyChangeSupport.java:335) ~[?:?]
	at java.beans.PropertyChangeSupport.firePropertyChange(PropertyChangeSupport.java:268) ~[?:?]
	at com.st.microxplorer.util.MXPropertyChangeSupport.firePropertyChange(MXPropertyChangeSupport.java:54) ~[STM32CubeMX.jar:?]
	at com.st.microxplorer.mxsystem.MxSystem.closeConfig(MxSystem.java:900) ~[STM32CubeMX.jar:?]
	at com.st.microxplorer.maingui.MainPanel.closeConfig(MainPanel.java:781) ~[STM32CubeMX.jar:?]
	at com.st.microxplorer.plugins.filemanager.engine.OpenFileManager.loadConfigurationFile(OpenFileManager.java:265) ~[filemanager.jar:?]
	at com.st.microxplorer.plugins.filemanager.engine.MainFileManager.userLoadConfig(MainFileManager.java:352) ~[filemanager.jar:?]
	at com.st.microxplorer.plugins.filemanager.engine.MainFileManager.userLoadConfig(MainFileManager.java:330) ~[filemanager.jar:?]
	at com.st.microxplorer.plugins.filemanager.FileManagerView.getSpecificTask(FileManagerView.java:246) ~[filemanager.jar:?]
	at com.st.stm32cube.common.mx.editor.CubeMxEditor.getMxTabbedPaneInstance(CubeMxEditor.java:1198) ~[com.st.stm32cube.common.mx_6.12.1.202409122256/:?]
	at com.st.stm32cube.common.mx.editor.CubeMxEditor$12$1.createSwingComponent(CubeMxEditor.java:1068) ~[com.st.stm32cube.common.mx_6.12.1.202409122256/:?]
	at com.st.stm32cube.common.mx.oss.core.awtswtbridge.EmbeddedSwingComposite.doComponentCreation(EmbeddedSwingComposite.java:492) ~[com.st.stm32cube.common.mx.oss_6.12.1.202409122256/:?]
	at com.st.stm32cube.common.mx.oss.core.awtswtbridge.EmbeddedSwingComposite$4.run(EmbeddedSwingComposite.java:291) ~[com.st.stm32cube.common.mx.oss_6.12.1.202409122256/:?]
	at com.st.stm32cube.common.mx.oss.core.awtswtbridge.AwtEnvironment$2.run(AwtEnvironment.java:166) ~[com.st.stm32cube.common.mx.oss_6.12.1.202409122256/:?]
	at java.awt.event.InvocationEvent.dispatch(InvocationEvent.java:318) ~[?:?]
	at java.awt.EventQueue.dispatchEventImpl(EventQueue.java:773) ~[?:?]
	at java.awt.EventQueue$4.run(EventQueue.java:720) ~[?:?]
	at java.awt.EventQueue$4.run(EventQueue.java:714) ~[?:?]
	at java.security.AccessController.doPrivileged(AccessController.java:399) ~[?:?]
	at java.security.ProtectionDomain$JavaSecurityAccessImpl.doIntersectionPrivilege(ProtectionDomain.java:86) ~[?:?]
	at java.awt.EventQueue.dispatchEvent(EventQueue.java:742) ~[?:?]
	at java.awt.EventDispatchThread.pumpOneEventForFilters(EventDispatchThread.java:203) ~[?:?]
	at java.awt.EventDispatchThread.pumpEventsForFilter(EventDispatchThread.java:124) ~[?:?]
	at java.awt.EventDispatchThread.pumpEventsForHierarchy(EventDispatchThread.java:113) ~[?:?]
	at java.awt.EventDispatchThread.pumpEvents(EventDispatchThread.java:109) ~[?:?]
	at java.awt.EventDispatchThread.pumpEvents(EventDispatchThread.java:101) ~[?:?]
	at java.awt.EventDispatchThread.run(EventDispatchThread.java:90) ~[?:?]
2024-09-24 07:29:42,541 [WARN] ThirdParty:871 - waiting for thirdparty lock release [close project]
2024-09-24 07:29:42,541 [INFO] ThirdParty:873 - entering critical section [close project]
2024-09-24 07:29:42,541 [INFO] ThirdParty:883 - exiting critical section [close project]
2024-09-24 07:29:42,542 [INFO] PinOutPanel:1561 - setPackage(No Configuration,No Configuration)
2024-09-24 07:29:42,545 [INFO] UtilMem:75 - Begin LoadConfig() Used Memory: 543513256 Bytes (759169024)
2024-09-24 07:29:42,546 [INFO] MicroXplorer:468 - Change Database Path : 
2024-09-24 07:29:42,546 [INFO] MicroXplorer:498 - Change Database Version : DB.6.0.121
2024-09-24 07:29:42,546 [INFO] OpenFileManager:332 - Change cursor
2024-09-24 07:29:42,551 [INFO] Mcu:2032 - Initializing MCU STM32F103C(8-B)Tx STM32F103C8Tx STM32F103C8T6
2024-09-24 07:29:42,875 [INFO] Context:742 - Trying to add GPIOservice into a context  which must be forbidden
2024-09-24 07:29:43,003 [INFO] RtosManager:555 - Registered RTOS mode: class=CMSIS, group=RTOS, mode=CMSIS_V1, owner=FREERTOS
2024-09-24 07:29:43,003 [INFO] RtosManager:555 - Registered RTOS mode: class=CMSIS, group=RTOS2, mode=CMSIS_V2, owner=FREERTOS
2024-09-24 07:29:43,003 [INFO] RtosManager:555 - Registered RTOS mode: class=RTOS, group=Core, mode=CMSIS_V1, owner=FREERTOS
2024-09-24 07:29:43,003 [INFO] RtosManager:555 - Registered RTOS mode: class=RTOS, group=Core, mode=CMSIS_V2, owner=FREERTOS
2024-09-24 07:29:43,003 [WARN] ModelIntegratedComponent:184 - Missing modes for component STMicroelectronics:FreeRTOS:0.0.1:STMicroelectronics:RTOS:FreeRTOS:Core:::10.2.0:
2024-09-24 07:29:43,007 [WARN] ModelIntegratedComponent:63 - No mode defined for component null
2024-09-24 07:29:43,007 [WARN] ModelIntegratedComponent:63 - No mode defined for component null
2024-09-24 07:29:43,007 [WARN] ModelIntegratedComponent:63 - No mode defined for component null
2024-09-24 07:29:43,008 [WARN] ModelIntegratedComponent:63 - No mode defined for component null
2024-09-24 07:29:43,008 [WARN] ModelIntegratedComponent:63 - No mode defined for component null
2024-09-24 07:29:43,008 [WARN] ModelIntegratedComponent:63 - No mode defined for component null
2024-09-24 07:29:43,008 [WARN] ModelIntegratedComponent:63 - No mode defined for component null
2024-09-24 07:29:43,008 [WARN] ModelIntegratedComponent:63 - No mode defined for component null
2024-09-24 07:29:43,008 [WARN] ModelIntegratedComponent:63 - No mode defined for component null
2024-09-24 07:29:43,008 [WARN] ModelIntegratedComponent:63 - No mode defined for component null
2024-09-24 07:29:43,008 [WARN] ModelIntegratedComponent:63 - No mode defined for component null
2024-09-24 07:29:43,008 [WARN] ModelIntegratedComponent:63 - No mode defined for component null
2024-09-24 07:29:43,008 [WARN] ModelIntegratedComponent:63 - No mode defined for component null
2024-09-24 07:29:43,008 [WARN] ModelIntegratedComponent:63 - No mode defined for component null
2024-09-24 07:29:43,008 [WARN] ModelIntegratedComponent:63 - No mode defined for component null
2024-09-24 07:29:43,008 [WARN] ModelIntegratedComponent:63 - No mode defined for component null
2024-09-24 07:29:43,008 [WARN] ModelIntegratedComponent:63 - No mode defined for component null
2024-09-24 07:29:43,008 [WARN] ModelIntegratedComponent:63 - No mode defined for component null
2024-09-24 07:29:43,008 [WARN] ModelIntegratedComponent:63 - No mode defined for component null
2024-09-24 07:29:43,008 [WARN] ModelIntegratedComponent:63 - No mode defined for component null
2024-09-24 07:29:43,008 [WARN] ModelIntegratedComponent:63 - No mode defined for component null
2024-09-24 07:29:43,008 [WARN] ModelIntegratedComponent:63 - No mode defined for component null
2024-09-24 07:29:43,008 [WARN] ModelIntegratedComponent:63 - No mode defined for component null
2024-09-24 07:29:43,008 [WARN] ModelIntegratedComponent:63 - No mode defined for component null
2024-09-24 07:29:43,008 [WARN] ModelIntegratedComponent:63 - No mode defined for component null
2024-09-24 07:29:43,008 [WARN] ModelIntegratedComponent:63 - No mode defined for component null
2024-09-24 07:29:43,008 [WARN] ModelIntegratedComponent:63 - No mode defined for component null
2024-09-24 07:29:43,008 [WARN] ModelIntegratedComponent:63 - No mode defined for component null
2024-09-24 07:29:43,008 [WARN] ModelIntegratedComponent:63 - No mode defined for component null
2024-09-24 07:29:43,008 [WARN] ModelIntegratedComponent:63 - No mode defined for component null
2024-09-24 07:29:43,008 [WARN] ModelIntegratedComponent:63 - No mode defined for component null
2024-09-24 07:29:43,008 [WARN] ModelIntegratedComponent:63 - No mode defined for component null
2024-09-24 07:29:43,008 [WARN] ModelIntegratedComponent:63 - No mode defined for component null
2024-09-24 07:29:43,008 [WARN] ModelIntegratedComponent:63 - No mode defined for component null
2024-09-24 07:29:43,008 [WARN] ModelIntegratedComponent:63 - No mode defined for component null
2024-09-24 07:29:43,008 [WARN] ModelPack:524 - Component already loaded: STMicroelectronics:HAL Drivers:0.0.0:STMicroelectronics:Device:STMicro_Driver:XSPI:HAL::0.0.1:HAL_XSPI
2024-09-24 07:29:43,019 [INFO] ThirdPartyModel:298 - Start build external matchings
2024-09-24 07:29:43,204 [INFO] ThirdPartyModel:316 - End build external matchings
2024-09-24 07:29:43,209 [INFO] ImportTextPane:205 - (OptionalMessage_ERROR) IP (RCC) : Parameter (ADCFreqValue) has invalid value (32000000)
2024-09-24 07:29:43,209 [INFO] ImportTextPane:205 - (OptionalMessage_ERROR) IP (RCC) : Invalid parameter (FamilyName)
2024-09-24 07:29:43,209 [INFO] ImportTextPane:205 - (OptionalMessage_ERROR) IP (RCC) : Parameter (MCOFreq_Value) has invalid value (64000000)
2024-09-24 07:29:43,210 [INFO] ImportTextPane:205 - (OptionalMessage_ERROR) IP (RCC) : Parameter (USBFreq_Value) has invalid value (64000000)
2024-09-24 07:29:43,347 [INFO] UtilMem:75 - End LoadConfig() Used Memory: 240993048 Bytes (759169024)
2024-09-24 07:29:43,372 [WARN] ThirdParty:833 - waiting for thirdparty lock release [change project]
2024-09-24 07:29:43,372 [INFO] ThirdParty:835 - entering critical section [change project]
2024-09-24 07:29:43,372 [INFO] ThirdParty:1030 - CMSIS Pack Vendor :STMicroelectronics USBPD 4.1
2024-09-24 07:29:43,373 [INFO] ThirdParty:1030 - CMSIS Pack Vendor :STMicroelectronics X-CUBE-AZRTOS-H7 3.3.0
2024-09-24 07:29:43,373 [INFO] ThirdParty:1030 - CMSIS Pack Vendor :STMicroelectronics USB_HOST 2.0.0
2024-09-24 07:29:43,373 [INFO] ThirdParty:1030 - CMSIS Pack Vendor :STMicroelectronics FP-SNS-MOTENVWB1 1.4.0
2024-09-24 07:29:43,373 [INFO] ThirdParty:1030 - CMSIS Pack Vendor :STMicroelectronics X-CUBE-AZRTOS-F4 1.1.0
2024-09-24 07:29:43,373 [INFO] ThirdParty:1030 - CMSIS Pack Vendor :STMicroelectronics LIBJPEG 8.0.0
2024-09-24 07:29:43,373 [INFO] ThirdParty:1030 - CMSIS Pack Vendor :STMicroelectronics X-CUBE-SMBUS 2.1.0
2024-09-24 07:29:43,373 [INFO] ThirdParty:1030 - CMSIS Pack Vendor :STMicroelectronics USB_DEVICE 3.0.0
2024-09-24 07:29:43,373 [INFO] ThirdParty:1030 - CMSIS Pack Vendor :STMicroelectronics X-CUBE-TCPP 4.1.0
2024-09-24 07:29:43,373 [INFO] ThirdParty:1030 - CMSIS Pack Vendor :STMicroelectronics X-CUBE-ISPU 2.1.0
2024-09-24 07:29:43,373 [INFO] ThirdParty:1030 - CMSIS Pack Vendor :STMicroelectronics X-CUBE-FREERTOS 1.2.0
2024-09-24 07:29:43,373 [INFO] ThirdParty:1030 - CMSIS Pack Vendor :STMicroelectronics X-CUBE-AZRTOS-WB 2.0.0
2024-09-24 07:29:43,373 [INFO] ThirdParty:1030 - CMSIS Pack Vendor :STMicroelectronics X-CUBE-GNSS1 7.0.0
2024-09-24 07:29:43,373 [INFO] ThirdParty:1030 - CMSIS Pack Vendor :STMicroelectronics X-CUBE-AZRTOS-F7 1.1.0
2024-09-24 07:29:43,373 [INFO] ThirdParty:1030 - CMSIS Pack Vendor :STMicroelectronics X-CUBE-AZRTOS-L5 2.0.0
2024-09-24 07:29:43,373 [INFO] ThirdParty:1030 - CMSIS Pack Vendor :STMicroelectronics USB_DEVICE 2.0.0
2024-09-24 07:29:43,373 [INFO] ThirdParty:1030 - CMSIS Pack Vendor :STMicroelectronics X-CUBE-NFC6 3.1.0
2024-09-24 07:29:43,382 [INFO] ThirdParty:1030 - CMSIS Pack Vendor :STMicroelectronics FP-SNS-STBOX1 2.0.0
2024-09-24 07:29:43,382 [INFO] ThirdParty:1030 - CMSIS Pack Vendor :STMicroelectronics X-CUBE-MEMS1 11.0.0
2024-09-24 07:29:43,382 [INFO] ThirdParty:1030 - CMSIS Pack Vendor :STMicroelectronics FreeRTOS 0.0.1
2024-09-24 07:29:43,382 [INFO] ThirdParty:1030 - CMSIS Pack Vendor :STMicroelectronics X-CUBE-AZRTOS-G0 1.1.0
2024-09-24 07:29:43,382 [INFO] ThirdParty:1030 - CMSIS Pack Vendor :STMicroelectronics X-CUBE-SAFEA1 1.2.2
2024-09-24 07:29:43,382 [INFO] ThirdParty:1030 - CMSIS Pack Vendor :STMicroelectronics X-CUBE-NFC4 3.0.0
2024-09-24 07:29:43,382 [INFO] ThirdParty:1030 - CMSIS Pack Vendor :STMicroelectronics X-CUBE-DPower 1.2.0
2024-09-24 07:29:43,382 [INFO] ThirdParty:1030 - CMSIS Pack Vendor :STMicroelectronics X-CUBE-SUBG2 5.0.0
2024-09-24 07:29:43,382 [INFO] ThirdParty:1030 - CMSIS Pack Vendor :STMicroelectronics STM32_WPAN 1.0.0
2024-09-24 07:29:43,384 [INFO] ThirdParty:1030 - CMSIS Pack Vendor :EmbeddedOffice I-CUBE-FS-RTOS 1.0.1
2024-09-24 07:29:43,384 [INFO] ThirdParty:1030 - CMSIS Pack Vendor :STMicroelectronics lwIP 2.0.3
2024-09-24 07:29:43,384 [INFO] ThirdParty:1030 - CMSIS Pack Vendor :STMicroelectronics FP-SNS-FLIGHT1 5.0.2
2024-09-24 07:29:43,384 [INFO] ThirdParty:1030 - CMSIS Pack Vendor :Cesanta I-CUBE-Mongoose 7.13.0
2024-09-24 07:29:43,384 [INFO] ThirdParty:1030 - CMSIS Pack Vendor :STMicroelectronics USB_HOST 1.0.0
2024-09-24 07:29:43,384 [INFO] ThirdParty:1030 - CMSIS Pack Vendor :STMicroelectronics X-CUBE-AI 9.0.0
2024-09-24 07:29:43,384 [INFO] ThirdParty:1030 - CMSIS Pack Vendor :STMicroelectronics X-CUBE-AZRTOS-G4 2.0.0
2024-09-24 07:29:43,384 [INFO] ThirdParty:1030 - CMSIS Pack Vendor :STMicroelectronics PDM2PCM 3.1.0
2024-09-24 07:29:43,384 [INFO] ThirdParty:1030 - CMSIS Pack Vendor :STMicroelectronics PDM2PCM 3.3.0
2024-09-24 07:29:43,384 [INFO] ThirdParty:1030 - CMSIS Pack Vendor :STMicroelectronics X-CUBE-DISPLAY 3.0.0
2024-09-24 07:29:43,384 [INFO] ThirdParty:1030 - CMSIS Pack Vendor :RealThread X-CUBE-RT-Thread_Nano 4.1.1
2024-09-24 07:29:43,384 [INFO] ThirdParty:1030 - CMSIS Pack Vendor :STMicroelectronics X-CUBE-BLE1 7.0.0
2024-09-24 07:29:43,384 [INFO] ThirdParty:1030 - CMSIS Pack Vendor :STMicroelectronics FP-ATR-SIGFOX1 3.2.0
2024-09-24 07:29:43,384 [INFO] ThirdParty:1030 - CMSIS Pack Vendor :wolfSSL I-CUBE-wolfSSL 5.7.2
2024-09-24 07:29:43,384 [INFO] ThirdParty:1030 - CMSIS Pack Vendor :STMicroelectronics X-CUBE-EEPRMA1 5.1.0
2024-09-24 07:29:43,384 [INFO] ThirdParty:1030 - CMSIS Pack Vendor :STMicroelectronics HAL Drivers 0.0.0
2024-09-24 07:29:43,384 [INFO] ThirdParty:1030 - CMSIS Pack Vendor :STMicroelectronics MBEDTLS 2.16.2
2024-09-24 07:29:43,384 [INFO] ThirdParty:1030 - CMSIS Pack Vendor :STMicroelectronics X-CUBE-ALS 1.0.2
2024-09-24 07:29:43,384 [INFO] ThirdParty:1030 - CMSIS Pack Vendor :emotas I-CUBE-CANOPEN 1.3.0
2024-09-24 07:29:43,384 [INFO] ThirdParty:1030 - CMSIS Pack Vendor :STMicroelectronics X-CUBE-NFC7 1.0.1
2024-09-24 07:29:43,384 [INFO] ThirdParty:1030 - CMSIS Pack Vendor :STMicroelectronics MBEDTLS 2.14.1
2024-09-24 07:29:43,384 [INFO] ThirdParty:1030 - CMSIS Pack Vendor :STMicroelectronics X-CUBE-TOUCHGFX 4.24.0
2024-09-24 07:29:43,384 [INFO] ThirdParty:1030 - CMSIS Pack Vendor :ITTIA_DB I-CUBE-ITTIADB 8.9.0
2024-09-24 07:29:43,384 [INFO] ThirdParty:1030 - CMSIS Pack Vendor :STMicroelectronics X-CUBE-TOUCHGFX 4.24.1
2024-09-24 07:29:43,384 [INFO] ThirdParty:1030 - CMSIS Pack Vendor :wolfSSL I-CUBE-wolfTPM 3.4.0
2024-09-24 07:29:43,384 [INFO] ThirdParty:1030 - CMSIS Pack Vendor :portGmbH I-Cube-SoM-uGOAL 1.1.0
2024-09-24 07:29:43,384 [INFO] ThirdParty:1030 - CMSIS Pack Vendor :STMicroelectronics X-CUBE-BLEMGR 3.1.0
2024-09-24 07:29:43,384 [INFO] ThirdParty:1030 - CMSIS Pack Vendor :STMicroelectronics ThreadX 1.0.0
2024-09-24 07:29:43,384 [INFO] ThirdParty:1030 - CMSIS Pack Vendor :STMicroelectronics FP-SNS-SMARTAG2 1.2.0
2024-09-24 07:29:43,384 [INFO] ThirdParty:1030 - CMSIS Pack Vendor :STMicroelectronics X-CUBE-AZRTOS-WL 2.0.0
2024-09-24 07:29:43,384 [INFO] ThirdParty:1030 - CMSIS Pack Vendor :SEGGER I-CUBE-embOS 1.3.1
2024-09-24 07:29:43,384 [INFO] ThirdParty:1030 - CMSIS Pack Vendor :STMicroelectronics X-CUBE-ALGOBUILD 1.4.0
2024-09-24 07:29:43,384 [INFO] ThirdParty:1030 - CMSIS Pack Vendor :STMicroelectronics FP-SNS-MOTENV1 5.0.0
2024-09-24 07:29:43,384 [INFO] ThirdParty:1030 - CMSIS Pack Vendor :STMicroelectronics USB_DEVICE 1.0.0
2024-09-24 07:29:43,384 [INFO] ThirdParty:1030 - CMSIS Pack Vendor :STMicroelectronics X-CUBE-AZRTOS-H7RS 1.0.0
2024-09-24 07:29:43,384 [INFO] ThirdParty:1030 - CMSIS Pack Vendor :wolfSSL I-CUBE-wolfMQTT 1.19.0
2024-09-24 07:29:43,384 [INFO] ThirdParty:1030 - CMSIS Pack Vendor :STMicroelectronics X-CUBE-AZRTOS-L4 2.0.0
2024-09-24 07:29:43,384 [INFO] ThirdParty:1030 - CMSIS Pack Vendor :STMicroelectronics ThreadX 0.0.2
2024-09-24 07:29:43,384 [INFO] ThirdParty:1030 - CMSIS Pack Vendor :WES I-CUBE-Cesium 1.3.0
2024-09-24 07:29:43,384 [INFO] ThirdParty:1030 - CMSIS Pack Vendor :STMicroelectronics FP-ATR-ASTRA1 2.0.0
2024-09-24 07:29:43,384 [INFO] ThirdParty:1030 - CMSIS Pack Vendor :STMicroelectronics lwIP 2.1.2
2024-09-24 07:29:43,384 [INFO] ThirdParty:1030 - CMSIS Pack Vendor :STMicroelectronics X-CUBE-SFXS2LP1 4.0.0
2024-09-24 07:29:43,384 [INFO] ThirdParty:1030 - CMSIS Pack Vendor :STMicroelectronics X-CUBE-BLE2 3.3.0
2024-09-24 07:29:43,384 [INFO] ThirdParty:1030 - CMSIS Pack Vendor :STMicroelectronics X-CUBE-TOF1 3.4.2
2024-09-24 07:29:43,384 [INFO] ThirdParty:1030 - CMSIS Pack Vendor :Infineon AIROC-Wi-Fi-Bluetooth-STM32 1.6.1
2024-09-24 07:29:43,384 [INFO] ThirdParty:1030 - CMSIS Pack Vendor :STMicroelectronics PDM2PCM 3.2.0
2024-09-24 07:29:43,384 [INFO] ThirdParty:1030 - CMSIS Pack Vendor :wolfSSL I-CUBE-wolfSSH 1.4.17
2024-09-24 07:29:43,384 [INFO] ThirdParty:841 - exiting critical section [change project]
2024-09-24 07:29:43,456 [INFO] PinOutPanel:1561 - setPackage(No Configuration,No Configuration)
2024-09-24 07:29:43,457 [INFO] PinOutPanel:1561 - setPackage(STM32F103C8Tx,LQFP48)
2024-09-24 07:29:43,584 [INFO] UtilMem:75 - Before build in PCC Used Memory: 358195768 Bytes (759169024)
2024-09-24 07:29:43,756 [INFO] UtilMem:75 - After build in PCC Used Memory: 399616568 Bytes (759169024)
2024-09-24 07:29:43,769 [INFO] IPUIPlugin:80 - create IPUIPlugin
2024-09-24 07:29:43,769 [INFO] IPUIPlugin:80 - create IPUIPlugin
2024-09-24 07:29:43,769 [INFO] IPUIPlugin:80 - create IPUIPlugin
2024-09-24 07:29:43,770 [INFO] IPUIPlugin:80 - create IPUIPlugin
2024-09-24 07:29:43,770 [INFO] IPUIPlugin:80 - create IPUIPlugin
2024-09-24 07:29:43,770 [INFO] IPUIPlugin:80 - create IPUIPlugin
2024-09-24 07:29:43,770 [INFO] IPUIPlugin:80 - create IPUIPlugin
2024-09-24 07:29:43,770 [INFO] IPUIPlugin:80 - create IPUIPlugin
2024-09-24 07:29:43,770 [INFO] IPUIPlugin:80 - create IPUIPlugin
2024-09-24 07:29:43,770 [INFO] IPUIPlugin:80 - create IPUIPlugin
2024-09-24 07:29:43,770 [INFO] IPUIPlugin:80 - create IPUIPlugin
2024-09-24 07:29:43,770 [INFO] IPUIPlugin:80 - create IPUIPlugin
2024-09-24 07:29:43,770 [INFO] IPUIPlugin:80 - create IPUIPlugin
2024-09-24 07:29:43,770 [INFO] IPUIPlugin:80 - create IPUIPlugin
2024-09-24 07:29:43,770 [INFO] IPUIPlugin:80 - create IPUIPlugin
2024-09-24 07:29:43,770 [INFO] IPUIPlugin:80 - create IPUIPlugin
2024-09-24 07:29:43,770 [INFO] IPUIPlugin:80 - create IPUIPlugin
2024-09-24 07:29:43,771 [INFO] IPUIPlugin:80 - create IPUIPlugin
2024-09-24 07:29:43,771 [INFO] IPUIPlugin:80 - create IPUIPlugin
2024-09-24 07:29:43,771 [INFO] IPUIPlugin:80 - create IPUIPlugin
2024-09-24 07:29:43,771 [INFO] IPUIPlugin:80 - create IPUIPlugin
2024-09-24 07:29:43,771 [INFO] IPUIPlugin:80 - create IPUIPlugin
2024-09-24 07:29:43,771 [INFO] IPUIPlugin:80 - create IPUIPlugin
2024-09-24 07:29:43,771 [INFO] IPUIPlugin:80 - create IPUIPlugin
2024-09-24 07:29:43,771 [INFO] IPUIPlugin:80 - create IPUIPlugin
2024-09-24 07:29:43,771 [INFO] IPUIPlugin:80 - create IPUIPlugin
2024-09-24 07:29:43,772 [INFO] IPUIPlugin:80 - create IPUIPlugin
2024-09-24 07:29:43,773 [INFO] Can:71 - Can Add PropertyChangeListener com.st.microxplorer.plugins.ip.can.Can@4ecdef3c
2024-09-24 07:29:43,808 [INFO] CADModel:165 - CPN selected for project levelSTM32F103C8T6
2024-09-24 07:29:43,808 [INFO] CADModel:114 - Register for checkConnection events
2024-09-24 07:29:43,854 [INFO] OpenFileManager:363 - Restore cursor
2024-09-24 07:36:30,883 [INFO] MainUpdater:2873 - connection check result : 10
2024-09-24 07:36:30,883 [INFO] MainUpdater:2873 - connection check result : 10
2024-09-24 07:36:30,915 [INFO] MicroXplorer:468 - Change Database Path : 
2024-09-24 07:36:30,915 [INFO] MicroXplorer:498 - Change Database Version : DB.6.0.121
2024-09-24 07:36:30,923 [ERROR] ProjectManagerView:394 - 
java.lang.NullPointerException: Cannot invoke "javax.swing.JTextField.getText()" because the return value of "java.util.List.get(int)" is null
	at com.st.microxplorer.plugins.projectmanager.gui.ProjectChoiceTab$10.caretUpdate(ProjectChoiceTab.java:2622) ~[filemanager.jar:?]
	at javax.swing.text.JTextComponent.fireCaretUpdate(JTextComponent.java:412) ~[?:?]
	at javax.swing.text.JTextComponent$MutableCaretEvent.fire(JTextComponent.java:4491) ~[?:?]
	at javax.swing.text.JTextComponent$MutableCaretEvent.stateChanged(JTextComponent.java:4513) ~[?:?]
	at javax.swing.text.DefaultCaret.fireStateChanged(DefaultCaret.java:842) ~[?:?]
	at javax.swing.text.DefaultCaret.changeCaretPosition(DefaultCaret.java:1313) ~[?:?]
	at javax.swing.text.DefaultCaret.handleSetDot(DefaultCaret.java:1212) ~[?:?]
	at javax.swing.text.DefaultCaret.setDot(DefaultCaret.java:1193) ~[?:?]
	at javax.swing.text.DefaultCaret$Handler.insertUpdate(DefaultCaret.java:1789) ~[?:?]
	at javax.swing.text.AbstractDocument.fireInsertUpdate(AbstractDocument.java:226) ~[?:?]
	at javax.swing.text.AbstractDocument.handleInsertString(AbstractDocument.java:780) ~[?:?]
	at javax.swing.text.AbstractDocument.insertString(AbstractDocument.java:739) ~[?:?]
	at javax.swing.text.PlainDocument.insertString(PlainDocument.java:131) ~[?:?]
	at javax.swing.text.AbstractDocument.replace(AbstractDocument.java:698) ~[?:?]
	at javax.swing.text.JTextComponent.setText(JTextComponent.java:1729) ~[?:?]
	at com.st.microxplorer.plugins.projectmanager.gui.ProjectChoiceTab.createHeapStackFields(ProjectChoiceTab.java:972) ~[filemanager.jar:?]
	at com.st.microxplorer.plugins.projectmanager.gui.ProjectChoiceTab.buildLinkSettingsPanel(ProjectChoiceTab.java:3597) ~[filemanager.jar:?]
	at com.st.microxplorer.plugins.projectmanager.gui.ProjectChoiceTab.defineWindowsFields(ProjectChoiceTab.java:1940) ~[filemanager.jar:?]
	at com.st.microxplorer.plugins.projectmanager.gui.ProjectChoiceTab.updateSettings(ProjectChoiceTab.java:550) ~[filemanager.jar:?]
	at com.st.microxplorer.plugins.projectmanager.gui.ProjectSettingsPanel.UpdateDialog(ProjectSettingsPanel.java:245) ~[filemanager.jar:?]
	at com.st.microxplorer.plugins.projectmanager.ProjectManagerView.propertyChange(ProjectManagerView.java:391) ~[filemanager.jar:?]
	at java.beans.PropertyChangeSupport.fire(PropertyChangeSupport.java:343) ~[?:?]
	at java.beans.PropertyChangeSupport.firePropertyChange(PropertyChangeSupport.java:335) ~[?:?]
	at java.beans.PropertyChangeSupport.firePropertyChange(PropertyChangeSupport.java:268) ~[?:?]
	at com.st.microxplorer.util.MXPropertyChangeSupport.firePropertyChange(MXPropertyChangeSupport.java:54) ~[STM32CubeMX.jar:?]
	at com.st.microxplorer.mxsystem.MxSystem.closeConfig(MxSystem.java:900) ~[STM32CubeMX.jar:?]
	at com.st.microxplorer.maingui.MainPanel.closeConfig(MainPanel.java:781) ~[STM32CubeMX.jar:?]
	at com.st.microxplorer.plugins.filemanager.engine.OpenFileManager.loadConfigurationFile(OpenFileManager.java:265) ~[filemanager.jar:?]
	at com.st.microxplorer.plugins.filemanager.engine.MainFileManager.userLoadConfig(MainFileManager.java:352) ~[filemanager.jar:?]
	at com.st.microxplorer.plugins.filemanager.engine.MainFileManager.userLoadConfig(MainFileManager.java:330) ~[filemanager.jar:?]
	at com.st.microxplorer.plugins.filemanager.FileManagerView.getSpecificTask(FileManagerView.java:246) ~[filemanager.jar:?]
	at com.st.stm32cube.common.mx.editor.CubeMxEditor.getMxTabbedPaneInstance(CubeMxEditor.java:1198) ~[com.st.stm32cube.common.mx_6.12.1.202409122256/:?]
	at com.st.stm32cube.common.mx.editor.CubeMxEditor$12$1.createSwingComponent(CubeMxEditor.java:1068) ~[com.st.stm32cube.common.mx_6.12.1.202409122256/:?]
	at com.st.stm32cube.common.mx.oss.core.awtswtbridge.EmbeddedSwingComposite.doComponentCreation(EmbeddedSwingComposite.java:492) ~[com.st.stm32cube.common.mx.oss_6.12.1.202409122256/:?]
	at com.st.stm32cube.common.mx.oss.core.awtswtbridge.EmbeddedSwingComposite$4.run(EmbeddedSwingComposite.java:291) ~[com.st.stm32cube.common.mx.oss_6.12.1.202409122256/:?]
	at com.st.stm32cube.common.mx.oss.core.awtswtbridge.AwtEnvironment$2.run(AwtEnvironment.java:166) ~[com.st.stm32cube.common.mx.oss_6.12.1.202409122256/:?]
	at java.awt.event.InvocationEvent.dispatch(InvocationEvent.java:318) ~[?:?]
	at java.awt.EventQueue.dispatchEventImpl(EventQueue.java:773) ~[?:?]
	at java.awt.EventQueue$4.run(EventQueue.java:720) ~[?:?]
	at java.awt.EventQueue$4.run(EventQueue.java:714) ~[?:?]
	at java.security.AccessController.doPrivileged(AccessController.java:399) ~[?:?]
	at java.security.ProtectionDomain$JavaSecurityAccessImpl.doIntersectionPrivilege(ProtectionDomain.java:86) ~[?:?]
	at java.awt.EventQueue.dispatchEvent(EventQueue.java:742) ~[?:?]
	at java.awt.EventDispatchThread.pumpOneEventForFilters(EventDispatchThread.java:203) ~[?:?]
	at java.awt.EventDispatchThread.pumpEventsForFilter(EventDispatchThread.java:124) ~[?:?]
	at java.awt.EventDispatchThread.pumpEventsForHierarchy(EventDispatchThread.java:113) ~[?:?]
	at java.awt.EventDispatchThread.pumpEvents(EventDispatchThread.java:109) ~[?:?]
	at java.awt.EventDispatchThread.pumpEvents(EventDispatchThread.java:101) ~[?:?]
	at java.awt.EventDispatchThread.run(EventDispatchThread.java:90) ~[?:?]
2024-09-24 07:36:30,923 [WARN] ThirdParty:871 - waiting for thirdparty lock release [close project]
2024-09-24 07:36:30,924 [INFO] ThirdParty:873 - entering critical section [close project]
2024-09-24 07:36:30,924 [INFO] ThirdParty:883 - exiting critical section [close project]
2024-09-24 07:36:30,924 [INFO] PinOutPanel:1561 - setPackage(No Configuration,No Configuration)
2024-09-24 07:36:30,926 [INFO] UtilMem:75 - Begin LoadConfig() Used Memory: 235044056 Bytes (759169024)
2024-09-24 07:36:30,927 [INFO] MicroXplorer:468 - Change Database Path : 
2024-09-24 07:36:30,927 [INFO] MicroXplorer:498 - Change Database Version : DB.6.0.121
2024-09-24 07:36:30,927 [INFO] OpenFileManager:332 - Change cursor
2024-09-24 07:36:30,931 [INFO] Mcu:2032 - Initializing MCU STM32F103C(8-B)Tx STM32F103C8Tx STM32F103C8T6
2024-09-24 07:36:31,216 [INFO] Context:742 - Trying to add GPIOservice into a context  which must be forbidden
2024-09-24 07:36:31,400 [INFO] RtosManager:555 - Registered RTOS mode: class=CMSIS, group=RTOS, mode=CMSIS_V1, owner=FREERTOS
2024-09-24 07:36:31,400 [INFO] RtosManager:555 - Registered RTOS mode: class=CMSIS, group=RTOS2, mode=CMSIS_V2, owner=FREERTOS
2024-09-24 07:36:31,400 [INFO] RtosManager:555 - Registered RTOS mode: class=RTOS, group=Core, mode=CMSIS_V1, owner=FREERTOS
2024-09-24 07:36:31,400 [INFO] RtosManager:555 - Registered RTOS mode: class=RTOS, group=Core, mode=CMSIS_V2, owner=FREERTOS
2024-09-24 07:36:31,400 [WARN] ModelIntegratedComponent:184 - Missing modes for component STMicroelectronics:FreeRTOS:0.0.1:STMicroelectronics:RTOS:FreeRTOS:Core:::10.2.0:
2024-09-24 07:36:31,404 [WARN] ModelIntegratedComponent:63 - No mode defined for component null
2024-09-24 07:36:31,404 [WARN] ModelIntegratedComponent:63 - No mode defined for component null
2024-09-24 07:36:31,404 [WARN] ModelIntegratedComponent:63 - No mode defined for component null
2024-09-24 07:36:31,404 [WARN] ModelIntegratedComponent:63 - No mode defined for component null
2024-09-24 07:36:31,404 [WARN] ModelIntegratedComponent:63 - No mode defined for component null
2024-09-24 07:36:31,404 [WARN] ModelIntegratedComponent:63 - No mode defined for component null
2024-09-24 07:36:31,404 [WARN] ModelIntegratedComponent:63 - No mode defined for component null
2024-09-24 07:36:31,404 [WARN] ModelIntegratedComponent:63 - No mode defined for component null
2024-09-24 07:36:31,404 [WARN] ModelIntegratedComponent:63 - No mode defined for component null
2024-09-24 07:36:31,404 [WARN] ModelIntegratedComponent:63 - No mode defined for component null
2024-09-24 07:36:31,404 [WARN] ModelIntegratedComponent:63 - No mode defined for component null
2024-09-24 07:36:31,404 [WARN] ModelIntegratedComponent:63 - No mode defined for component null
2024-09-24 07:36:31,404 [WARN] ModelIntegratedComponent:63 - No mode defined for component null
2024-09-24 07:36:31,404 [WARN] ModelIntegratedComponent:63 - No mode defined for component null
2024-09-24 07:36:31,404 [WARN] ModelIntegratedComponent:63 - No mode defined for component null
2024-09-24 07:36:31,404 [WARN] ModelIntegratedComponent:63 - No mode defined for component null
2024-09-24 07:36:31,404 [WARN] ModelIntegratedComponent:63 - No mode defined for component null
2024-09-24 07:36:31,404 [WARN] ModelIntegratedComponent:63 - No mode defined for component null
2024-09-24 07:36:31,404 [WARN] ModelIntegratedComponent:63 - No mode defined for component null
2024-09-24 07:36:31,404 [WARN] ModelIntegratedComponent:63 - No mode defined for component null
2024-09-24 07:36:31,404 [WARN] ModelIntegratedComponent:63 - No mode defined for component null
2024-09-24 07:36:31,404 [WARN] ModelIntegratedComponent:63 - No mode defined for component null
2024-09-24 07:36:31,404 [WARN] ModelIntegratedComponent:63 - No mode defined for component null
2024-09-24 07:36:31,404 [WARN] ModelIntegratedComponent:63 - No mode defined for component null
2024-09-24 07:36:31,404 [WARN] ModelIntegratedComponent:63 - No mode defined for component null
2024-09-24 07:36:31,404 [WARN] ModelIntegratedComponent:63 - No mode defined for component null
2024-09-24 07:36:31,404 [WARN] ModelIntegratedComponent:63 - No mode defined for component null
2024-09-24 07:36:31,404 [WARN] ModelIntegratedComponent:63 - No mode defined for component null
2024-09-24 07:36:31,404 [WARN] ModelIntegratedComponent:63 - No mode defined for component null
2024-09-24 07:36:31,404 [WARN] ModelIntegratedComponent:63 - No mode defined for component null
2024-09-24 07:36:31,404 [WARN] ModelIntegratedComponent:63 - No mode defined for component null
2024-09-24 07:36:31,404 [WARN] ModelIntegratedComponent:63 - No mode defined for component null
2024-09-24 07:36:31,405 [WARN] ModelIntegratedComponent:63 - No mode defined for component null
2024-09-24 07:36:31,405 [WARN] ModelIntegratedComponent:63 - No mode defined for component null
2024-09-24 07:36:31,405 [WARN] ModelIntegratedComponent:63 - No mode defined for component null
2024-09-24 07:36:31,405 [WARN] ModelPack:524 - Component already loaded: STMicroelectronics:HAL Drivers:0.0.0:STMicroelectronics:Device:STMicro_Driver:XSPI:HAL::0.0.1:HAL_XSPI
2024-09-24 07:36:31,413 [INFO] ThirdPartyModel:298 - Start build external matchings
2024-09-24 07:36:31,592 [INFO] ThirdPartyModel:316 - End build external matchings
2024-09-24 07:36:31,596 [INFO] ImportTextPane:205 - (OptionalMessage_ERROR) IP (RCC) : Parameter (ADCFreqValue) has invalid value (32000000)
2024-09-24 07:36:31,596 [INFO] ImportTextPane:205 - (OptionalMessage_ERROR) IP (RCC) : Invalid parameter (FamilyName)
2024-09-24 07:36:31,596 [INFO] ImportTextPane:205 - (OptionalMessage_ERROR) IP (RCC) : Parameter (MCOFreq_Value) has invalid value (64000000)
2024-09-24 07:36:31,596 [INFO] ImportTextPane:205 - (OptionalMessage_ERROR) IP (RCC) : Parameter (USBFreq_Value) has invalid value (64000000)
2024-09-24 07:36:31,707 [INFO] UtilMem:75 - End LoadConfig() Used Memory: 425257400 Bytes (759169024)
2024-09-24 07:36:31,726 [WARN] ThirdParty:833 - waiting for thirdparty lock release [change project]
2024-09-24 07:36:31,727 [INFO] ThirdParty:835 - entering critical section [change project]
2024-09-24 07:36:31,727 [INFO] ThirdParty:1030 - CMSIS Pack Vendor :STMicroelectronics USBPD 4.1
2024-09-24 07:36:31,727 [INFO] ThirdParty:1030 - CMSIS Pack Vendor :STMicroelectronics X-CUBE-AZRTOS-H7 3.3.0
2024-09-24 07:36:31,727 [INFO] ThirdParty:1030 - CMSIS Pack Vendor :STMicroelectronics USB_HOST 2.0.0
2024-09-24 07:36:31,727 [INFO] ThirdParty:1030 - CMSIS Pack Vendor :STMicroelectronics FP-SNS-MOTENVWB1 1.4.0
2024-09-24 07:36:31,727 [INFO] ThirdParty:1030 - CMSIS Pack Vendor :STMicroelectronics X-CUBE-AZRTOS-F4 1.1.0
2024-09-24 07:36:31,727 [INFO] ThirdParty:1030 - CMSIS Pack Vendor :STMicroelectronics LIBJPEG 8.0.0
2024-09-24 07:36:31,727 [INFO] ThirdParty:1030 - CMSIS Pack Vendor :STMicroelectronics X-CUBE-SMBUS 2.1.0
2024-09-24 07:36:31,727 [INFO] ThirdParty:1030 - CMSIS Pack Vendor :STMicroelectronics USB_DEVICE 3.0.0
2024-09-24 07:36:31,727 [INFO] ThirdParty:1030 - CMSIS Pack Vendor :STMicroelectronics X-CUBE-TCPP 4.1.0
2024-09-24 07:36:31,727 [INFO] ThirdParty:1030 - CMSIS Pack Vendor :STMicroelectronics X-CUBE-ISPU 2.1.0
2024-09-24 07:36:31,727 [INFO] ThirdParty:1030 - CMSIS Pack Vendor :STMicroelectronics X-CUBE-FREERTOS 1.2.0
2024-09-24 07:36:31,727 [INFO] ThirdParty:1030 - CMSIS Pack Vendor :STMicroelectronics X-CUBE-AZRTOS-WB 2.0.0
2024-09-24 07:36:31,727 [INFO] ThirdParty:1030 - CMSIS Pack Vendor :STMicroelectronics X-CUBE-GNSS1 7.0.0
2024-09-24 07:36:31,727 [INFO] ThirdParty:1030 - CMSIS Pack Vendor :STMicroelectronics X-CUBE-AZRTOS-F7 1.1.0
2024-09-24 07:36:31,727 [INFO] ThirdParty:1030 - CMSIS Pack Vendor :STMicroelectronics X-CUBE-AZRTOS-L5 2.0.0
2024-09-24 07:36:31,727 [INFO] ThirdParty:1030 - CMSIS Pack Vendor :STMicroelectronics USB_DEVICE 2.0.0
2024-09-24 07:36:31,727 [INFO] ThirdParty:1030 - CMSIS Pack Vendor :STMicroelectronics X-CUBE-NFC6 3.1.0
2024-09-24 07:36:31,727 [INFO] ThirdParty:1030 - CMSIS Pack Vendor :STMicroelectronics FP-SNS-STBOX1 2.0.0
2024-09-24 07:36:31,727 [INFO] ThirdParty:1030 - CMSIS Pack Vendor :STMicroelectronics X-CUBE-MEMS1 11.0.0
2024-09-24 07:36:31,727 [INFO] ThirdParty:1030 - CMSIS Pack Vendor :STMicroelectronics FreeRTOS 0.0.1
2024-09-24 07:36:31,727 [INFO] ThirdParty:1030 - CMSIS Pack Vendor :STMicroelectronics X-CUBE-AZRTOS-G0 1.1.0
2024-09-24 07:36:31,727 [INFO] ThirdParty:1030 - CMSIS Pack Vendor :STMicroelectronics X-CUBE-SAFEA1 1.2.2
2024-09-24 07:36:31,727 [INFO] ThirdParty:1030 - CMSIS Pack Vendor :STMicroelectronics X-CUBE-NFC4 3.0.0
2024-09-24 07:36:31,727 [INFO] ThirdParty:1030 - CMSIS Pack Vendor :STMicroelectronics X-CUBE-DPower 1.2.0
2024-09-24 07:36:31,727 [INFO] ThirdParty:1030 - CMSIS Pack Vendor :STMicroelectronics X-CUBE-SUBG2 5.0.0
2024-09-24 07:36:31,727 [INFO] ThirdParty:1030 - CMSIS Pack Vendor :STMicroelectronics STM32_WPAN 1.0.0
2024-09-24 07:36:31,727 [INFO] ThirdParty:1030 - CMSIS Pack Vendor :EmbeddedOffice I-CUBE-FS-RTOS 1.0.1
2024-09-24 07:36:31,727 [INFO] ThirdParty:1030 - CMSIS Pack Vendor :STMicroelectronics lwIP 2.0.3
2024-09-24 07:36:31,727 [INFO] ThirdParty:1030 - CMSIS Pack Vendor :STMicroelectronics FP-SNS-FLIGHT1 5.0.2
2024-09-24 07:36:31,727 [INFO] ThirdParty:1030 - CMSIS Pack Vendor :Cesanta I-CUBE-Mongoose 7.13.0
2024-09-24 07:36:31,727 [INFO] ThirdParty:1030 - CMSIS Pack Vendor :STMicroelectronics USB_HOST 1.0.0
2024-09-24 07:36:31,727 [INFO] ThirdParty:1030 - CMSIS Pack Vendor :STMicroelectronics X-CUBE-AI 9.0.0
2024-09-24 07:36:31,727 [INFO] ThirdParty:1030 - CMSIS Pack Vendor :STMicroelectronics X-CUBE-AZRTOS-G4 2.0.0
2024-09-24 07:36:31,727 [INFO] ThirdParty:1030 - CMSIS Pack Vendor :STMicroelectronics PDM2PCM 3.1.0
2024-09-24 07:36:31,727 [INFO] ThirdParty:1030 - CMSIS Pack Vendor :STMicroelectronics PDM2PCM 3.3.0
2024-09-24 07:36:31,727 [INFO] ThirdParty:1030 - CMSIS Pack Vendor :STMicroelectronics X-CUBE-DISPLAY 3.0.0
2024-09-24 07:36:31,727 [INFO] ThirdParty:1030 - CMSIS Pack Vendor :RealThread X-CUBE-RT-Thread_Nano 4.1.1
2024-09-24 07:36:31,727 [INFO] ThirdParty:1030 - CMSIS Pack Vendor :STMicroelectronics X-CUBE-BLE1 7.0.0
2024-09-24 07:36:31,727 [INFO] ThirdParty:1030 - CMSIS Pack Vendor :STMicroelectronics FP-ATR-SIGFOX1 3.2.0
2024-09-24 07:36:31,727 [INFO] ThirdParty:1030 - CMSIS Pack Vendor :wolfSSL I-CUBE-wolfSSL 5.7.2
2024-09-24 07:36:31,727 [INFO] ThirdParty:1030 - CMSIS Pack Vendor :STMicroelectronics X-CUBE-EEPRMA1 5.1.0
2024-09-24 07:36:31,728 [INFO] ThirdParty:1030 - CMSIS Pack Vendor :STMicroelectronics HAL Drivers 0.0.0
2024-09-24 07:36:31,728 [INFO] ThirdParty:1030 - CMSIS Pack Vendor :STMicroelectronics MBEDTLS 2.16.2
2024-09-24 07:36:31,728 [INFO] ThirdParty:1030 - CMSIS Pack Vendor :STMicroelectronics X-CUBE-ALS 1.0.2
2024-09-24 07:36:31,728 [INFO] ThirdParty:1030 - CMSIS Pack Vendor :emotas I-CUBE-CANOPEN 1.3.0
2024-09-24 07:36:31,728 [INFO] ThirdParty:1030 - CMSIS Pack Vendor :STMicroelectronics X-CUBE-NFC7 1.0.1
2024-09-24 07:36:31,728 [INFO] ThirdParty:1030 - CMSIS Pack Vendor :STMicroelectronics MBEDTLS 2.14.1
2024-09-24 07:36:31,728 [INFO] ThirdParty:1030 - CMSIS Pack Vendor :STMicroelectronics X-CUBE-TOUCHGFX 4.24.0
2024-09-24 07:36:31,728 [INFO] ThirdParty:1030 - CMSIS Pack Vendor :ITTIA_DB I-CUBE-ITTIADB 8.9.0
2024-09-24 07:36:31,728 [INFO] ThirdParty:1030 - CMSIS Pack Vendor :STMicroelectronics X-CUBE-TOUCHGFX 4.24.1
2024-09-24 07:36:31,728 [INFO] ThirdParty:1030 - CMSIS Pack Vendor :wolfSSL I-CUBE-wolfTPM 3.4.0
2024-09-24 07:36:31,728 [INFO] ThirdParty:1030 - CMSIS Pack Vendor :portGmbH I-Cube-SoM-uGOAL 1.1.0
2024-09-24 07:36:31,728 [INFO] ThirdParty:1030 - CMSIS Pack Vendor :STMicroelectronics X-CUBE-BLEMGR 3.1.0
2024-09-24 07:36:31,728 [INFO] ThirdParty:1030 - CMSIS Pack Vendor :STMicroelectronics ThreadX 1.0.0
2024-09-24 07:36:31,728 [INFO] ThirdParty:1030 - CMSIS Pack Vendor :STMicroelectronics FP-SNS-SMARTAG2 1.2.0
2024-09-24 07:36:31,728 [INFO] ThirdParty:1030 - CMSIS Pack Vendor :STMicroelectronics X-CUBE-AZRTOS-WL 2.0.0
2024-09-24 07:36:31,728 [INFO] ThirdParty:1030 - CMSIS Pack Vendor :SEGGER I-CUBE-embOS 1.3.1
2024-09-24 07:36:31,728 [INFO] ThirdParty:1030 - CMSIS Pack Vendor :STMicroelectronics X-CUBE-ALGOBUILD 1.4.0
2024-09-24 07:36:31,728 [INFO] ThirdParty:1030 - CMSIS Pack Vendor :STMicroelectronics FP-SNS-MOTENV1 5.0.0
2024-09-24 07:36:31,728 [INFO] ThirdParty:1030 - CMSIS Pack Vendor :STMicroelectronics USB_DEVICE 1.0.0
2024-09-24 07:36:31,728 [INFO] ThirdParty:1030 - CMSIS Pack Vendor :STMicroelectronics X-CUBE-AZRTOS-H7RS 1.0.0
2024-09-24 07:36:31,728 [INFO] ThirdParty:1030 - CMSIS Pack Vendor :wolfSSL I-CUBE-wolfMQTT 1.19.0
2024-09-24 07:36:31,728 [INFO] ThirdParty:1030 - CMSIS Pack Vendor :STMicroelectronics X-CUBE-AZRTOS-L4 2.0.0
2024-09-24 07:36:31,728 [INFO] ThirdParty:1030 - CMSIS Pack Vendor :STMicroelectronics ThreadX 0.0.2
2024-09-24 07:36:31,728 [INFO] ThirdParty:1030 - CMSIS Pack Vendor :WES I-CUBE-Cesium 1.3.0
2024-09-24 07:36:31,728 [INFO] ThirdParty:1030 - CMSIS Pack Vendor :STMicroelectronics FP-ATR-ASTRA1 2.0.0
2024-09-24 07:36:31,728 [INFO] ThirdParty:1030 - CMSIS Pack Vendor :STMicroelectronics lwIP 2.1.2
2024-09-24 07:36:31,728 [INFO] ThirdParty:1030 - CMSIS Pack Vendor :STMicroelectronics X-CUBE-SFXS2LP1 4.0.0
2024-09-24 07:36:31,728 [INFO] ThirdParty:1030 - CMSIS Pack Vendor :STMicroelectronics X-CUBE-BLE2 3.3.0
2024-09-24 07:36:31,728 [INFO] ThirdParty:1030 - CMSIS Pack Vendor :STMicroelectronics X-CUBE-TOF1 3.4.2
2024-09-24 07:36:31,728 [INFO] ThirdParty:1030 - CMSIS Pack Vendor :Infineon AIROC-Wi-Fi-Bluetooth-STM32 1.6.1
2024-09-24 07:36:31,728 [INFO] ThirdParty:1030 - CMSIS Pack Vendor :STMicroelectronics PDM2PCM 3.2.0
2024-09-24 07:36:31,728 [INFO] ThirdParty:1030 - CMSIS Pack Vendor :wolfSSL I-CUBE-wolfSSH 1.4.17
2024-09-24 07:36:31,729 [INFO] ThirdParty:841 - exiting critical section [change project]
2024-09-24 07:36:31,778 [INFO] PinOutPanel:1561 - setPackage(No Configuration,No Configuration)
2024-09-24 07:36:31,779 [INFO] PinOutPanel:1561 - setPackage(STM32F103C8Tx,LQFP48)
2024-09-24 07:36:31,881 [INFO] UtilMem:75 - Before build in PCC Used Memory: 543222200 Bytes (759169024)
2024-09-24 07:36:32,049 [INFO] UtilMem:75 - After build in PCC Used Memory: 585165240 Bytes (759169024)
2024-09-24 07:36:32,062 [INFO] IPUIPlugin:80 - create IPUIPlugin
2024-09-24 07:36:32,062 [INFO] IPUIPlugin:80 - create IPUIPlugin
2024-09-24 07:36:32,062 [INFO] IPUIPlugin:80 - create IPUIPlugin
2024-09-24 07:36:32,062 [INFO] IPUIPlugin:80 - create IPUIPlugin
2024-09-24 07:36:32,062 [INFO] IPUIPlugin:80 - create IPUIPlugin
2024-09-24 07:36:32,062 [INFO] IPUIPlugin:80 - create IPUIPlugin
2024-09-24 07:36:32,062 [INFO] IPUIPlugin:80 - create IPUIPlugin
2024-09-24 07:36:32,062 [INFO] IPUIPlugin:80 - create IPUIPlugin
2024-09-24 07:36:32,062 [INFO] IPUIPlugin:80 - create IPUIPlugin
2024-09-24 07:36:32,063 [INFO] IPUIPlugin:80 - create IPUIPlugin
2024-09-24 07:36:32,063 [INFO] IPUIPlugin:80 - create IPUIPlugin
2024-09-24 07:36:32,063 [INFO] IPUIPlugin:80 - create IPUIPlugin
2024-09-24 07:36:32,063 [INFO] IPUIPlugin:80 - create IPUIPlugin
2024-09-24 07:36:32,063 [INFO] IPUIPlugin:80 - create IPUIPlugin
2024-09-24 07:36:32,063 [INFO] IPUIPlugin:80 - create IPUIPlugin
2024-09-24 07:36:32,063 [INFO] IPUIPlugin:80 - create IPUIPlugin
2024-09-24 07:36:32,063 [INFO] IPUIPlugin:80 - create IPUIPlugin
2024-09-24 07:36:32,063 [INFO] IPUIPlugin:80 - create IPUIPlugin
2024-09-24 07:36:32,063 [INFO] IPUIPlugin:80 - create IPUIPlugin
2024-09-24 07:36:32,063 [INFO] IPUIPlugin:80 - create IPUIPlugin
2024-09-24 07:36:32,064 [INFO] IPUIPlugin:80 - create IPUIPlugin
2024-09-24 07:36:32,064 [INFO] IPUIPlugin:80 - create IPUIPlugin
2024-09-24 07:36:32,064 [INFO] IPUIPlugin:80 - create IPUIPlugin
2024-09-24 07:36:32,064 [INFO] IPUIPlugin:80 - create IPUIPlugin
2024-09-24 07:36:32,065 [INFO] IPUIPlugin:80 - create IPUIPlugin
2024-09-24 07:36:32,065 [INFO] IPUIPlugin:80 - create IPUIPlugin
2024-09-24 07:36:32,065 [INFO] IPUIPlugin:80 - create IPUIPlugin
2024-09-24 07:36:32,066 [INFO] Can:71 - Can Add PropertyChangeListener com.st.microxplorer.plugins.ip.can.Can@4460155a
2024-09-24 07:36:32,096 [INFO] CADModel:165 - CPN selected for project levelSTM32F103C8T6
2024-09-24 07:36:32,096 [INFO] CADModel:114 - Register for checkConnection events
2024-09-24 07:36:32,141 [INFO] OpenFileManager:363 - Restore cursor
2024-09-24 07:41:54,877 [INFO] MainUpdater:2873 - connection check result : 10
2024-09-24 07:41:54,877 [INFO] MainUpdater:2873 - connection check result : 10
2024-09-24 07:41:55,250 [INFO] MicroXplorer:468 - Change Database Path : 
2024-09-24 07:41:55,250 [INFO] MicroXplorer:498 - Change Database Version : DB.6.0.121
2024-09-24 07:41:55,255 [ERROR] ProjectManagerView:394 - 
java.lang.NullPointerException: Cannot invoke "javax.swing.JTextField.getText()" because the return value of "java.util.List.get(int)" is null
	at com.st.microxplorer.plugins.projectmanager.gui.ProjectChoiceTab$10.caretUpdate(ProjectChoiceTab.java:2622) ~[filemanager.jar:?]
	at javax.swing.text.JTextComponent.fireCaretUpdate(JTextComponent.java:412) ~[?:?]
	at javax.swing.text.JTextComponent$MutableCaretEvent.fire(JTextComponent.java:4491) ~[?:?]
	at javax.swing.text.JTextComponent$MutableCaretEvent.stateChanged(JTextComponent.java:4513) ~[?:?]
	at javax.swing.text.DefaultCaret.fireStateChanged(DefaultCaret.java:842) ~[?:?]
	at javax.swing.text.DefaultCaret.changeCaretPosition(DefaultCaret.java:1313) ~[?:?]
	at javax.swing.text.DefaultCaret.handleSetDot(DefaultCaret.java:1212) ~[?:?]
	at javax.swing.text.DefaultCaret.setDot(DefaultCaret.java:1193) ~[?:?]
	at javax.swing.text.DefaultCaret$Handler.insertUpdate(DefaultCaret.java:1789) ~[?:?]
	at javax.swing.text.AbstractDocument.fireInsertUpdate(AbstractDocument.java:226) ~[?:?]
	at javax.swing.text.AbstractDocument.handleInsertString(AbstractDocument.java:780) ~[?:?]
	at javax.swing.text.AbstractDocument.insertString(AbstractDocument.java:739) ~[?:?]
	at javax.swing.text.PlainDocument.insertString(PlainDocument.java:131) ~[?:?]
	at javax.swing.text.AbstractDocument.replace(AbstractDocument.java:698) ~[?:?]
	at javax.swing.text.JTextComponent.setText(JTextComponent.java:1729) ~[?:?]
	at com.st.microxplorer.plugins.projectmanager.gui.ProjectChoiceTab.createHeapStackFields(ProjectChoiceTab.java:972) ~[filemanager.jar:?]
	at com.st.microxplorer.plugins.projectmanager.gui.ProjectChoiceTab.buildLinkSettingsPanel(ProjectChoiceTab.java:3597) ~[filemanager.jar:?]
	at com.st.microxplorer.plugins.projectmanager.gui.ProjectChoiceTab.defineWindowsFields(ProjectChoiceTab.java:1940) ~[filemanager.jar:?]
	at com.st.microxplorer.plugins.projectmanager.gui.ProjectChoiceTab.updateSettings(ProjectChoiceTab.java:550) ~[filemanager.jar:?]
	at com.st.microxplorer.plugins.projectmanager.gui.ProjectSettingsPanel.UpdateDialog(ProjectSettingsPanel.java:245) ~[filemanager.jar:?]
	at com.st.microxplorer.plugins.projectmanager.ProjectManagerView.propertyChange(ProjectManagerView.java:391) ~[filemanager.jar:?]
	at java.beans.PropertyChangeSupport.fire(PropertyChangeSupport.java:343) ~[?:?]
	at java.beans.PropertyChangeSupport.firePropertyChange(PropertyChangeSupport.java:335) ~[?:?]
	at java.beans.PropertyChangeSupport.firePropertyChange(PropertyChangeSupport.java:268) ~[?:?]
	at com.st.microxplorer.util.MXPropertyChangeSupport.firePropertyChange(MXPropertyChangeSupport.java:54) ~[STM32CubeMX.jar:?]
	at com.st.microxplorer.mxsystem.MxSystem.closeConfig(MxSystem.java:900) ~[STM32CubeMX.jar:?]
	at com.st.microxplorer.maingui.MainPanel.closeConfig(MainPanel.java:781) ~[STM32CubeMX.jar:?]
	at com.st.microxplorer.plugins.filemanager.engine.OpenFileManager.loadConfigurationFile(OpenFileManager.java:265) ~[filemanager.jar:?]
	at com.st.microxplorer.plugins.filemanager.engine.MainFileManager.userLoadConfig(MainFileManager.java:352) ~[filemanager.jar:?]
	at com.st.microxplorer.plugins.filemanager.engine.MainFileManager.userLoadConfig(MainFileManager.java:330) ~[filemanager.jar:?]
	at com.st.microxplorer.plugins.filemanager.FileManagerView.getSpecificTask(FileManagerView.java:246) ~[filemanager.jar:?]
	at com.st.stm32cube.common.mx.editor.CubeMxEditor.getMxTabbedPaneInstance(CubeMxEditor.java:1198) ~[com.st.stm32cube.common.mx_6.12.1.202409122256/:?]
	at com.st.stm32cube.common.mx.editor.CubeMxEditor$12$1.createSwingComponent(CubeMxEditor.java:1068) ~[com.st.stm32cube.common.mx_6.12.1.202409122256/:?]
	at com.st.stm32cube.common.mx.oss.core.awtswtbridge.EmbeddedSwingComposite.doComponentCreation(EmbeddedSwingComposite.java:492) ~[com.st.stm32cube.common.mx.oss_6.12.1.202409122256/:?]
	at com.st.stm32cube.common.mx.oss.core.awtswtbridge.EmbeddedSwingComposite$4.run(EmbeddedSwingComposite.java:291) ~[com.st.stm32cube.common.mx.oss_6.12.1.202409122256/:?]
	at com.st.stm32cube.common.mx.oss.core.awtswtbridge.AwtEnvironment$2.run(AwtEnvironment.java:166) ~[com.st.stm32cube.common.mx.oss_6.12.1.202409122256/:?]
	at java.awt.event.InvocationEvent.dispatch(InvocationEvent.java:318) ~[?:?]
	at java.awt.EventQueue.dispatchEventImpl(EventQueue.java:773) ~[?:?]
	at java.awt.EventQueue$4.run(EventQueue.java:720) ~[?:?]
	at java.awt.EventQueue$4.run(EventQueue.java:714) ~[?:?]
	at java.security.AccessController.doPrivileged(AccessController.java:399) ~[?:?]
	at java.security.ProtectionDomain$JavaSecurityAccessImpl.doIntersectionPrivilege(ProtectionDomain.java:86) ~[?:?]
	at java.awt.EventQueue.dispatchEvent(EventQueue.java:742) ~[?:?]
	at java.awt.EventDispatchThread.pumpOneEventForFilters(EventDispatchThread.java:203) ~[?:?]
	at java.awt.EventDispatchThread.pumpEventsForFilter(EventDispatchThread.java:124) ~[?:?]
	at java.awt.EventDispatchThread.pumpEventsForHierarchy(EventDispatchThread.java:113) ~[?:?]
	at java.awt.EventDispatchThread.pumpEvents(EventDispatchThread.java:109) ~[?:?]
	at java.awt.EventDispatchThread.pumpEvents(EventDispatchThread.java:101) ~[?:?]
	at java.awt.EventDispatchThread.run(EventDispatchThread.java:90) ~[?:?]
2024-09-24 07:41:55,256 [WARN] ThirdParty:871 - waiting for thirdparty lock release [close project]
2024-09-24 07:41:55,256 [INFO] ThirdParty:873 - entering critical section [close project]
2024-09-24 07:41:55,256 [INFO] ThirdParty:883 - exiting critical section [close project]
2024-09-24 07:41:55,257 [INFO] PinOutPanel:1561 - setPackage(No Configuration,No Configuration)
2024-09-24 07:41:55,258 [INFO] UtilMem:75 - Begin LoadConfig() Used Memory: 590156536 Bytes (759169024)
2024-09-24 07:41:55,258 [INFO] MicroXplorer:468 - Change Database Path : 
2024-09-24 07:41:55,258 [INFO] MicroXplorer:498 - Change Database Version : DB.6.0.121
2024-09-24 07:41:55,258 [INFO] OpenFileManager:332 - Change cursor
2024-09-24 07:41:55,262 [INFO] Mcu:2032 - Initializing MCU STM32F103C(8-B)Tx STM32F103C8Tx STM32F103C8T6
2024-09-24 07:41:55,480 [INFO] Context:742 - Trying to add GPIOservice into a context  which must be forbidden
2024-09-24 07:41:55,568 [INFO] RtosManager:555 - Registered RTOS mode: class=CMSIS, group=RTOS, mode=CMSIS_V1, owner=FREERTOS
2024-09-24 07:41:55,568 [INFO] RtosManager:555 - Registered RTOS mode: class=CMSIS, group=RTOS2, mode=CMSIS_V2, owner=FREERTOS
2024-09-24 07:41:55,568 [INFO] RtosManager:555 - Registered RTOS mode: class=RTOS, group=Core, mode=CMSIS_V1, owner=FREERTOS
2024-09-24 07:41:55,568 [INFO] RtosManager:555 - Registered RTOS mode: class=RTOS, group=Core, mode=CMSIS_V2, owner=FREERTOS
2024-09-24 07:41:55,568 [WARN] ModelIntegratedComponent:184 - Missing modes for component STMicroelectronics:FreeRTOS:0.0.1:STMicroelectronics:RTOS:FreeRTOS:Core:::10.2.0:
2024-09-24 07:41:55,571 [WARN] ModelIntegratedComponent:63 - No mode defined for component null
2024-09-24 07:41:55,571 [WARN] ModelIntegratedComponent:63 - No mode defined for component null
2024-09-24 07:41:55,571 [WARN] ModelIntegratedComponent:63 - No mode defined for component null
2024-09-24 07:41:55,571 [WARN] ModelIntegratedComponent:63 - No mode defined for component null
2024-09-24 07:41:55,571 [WARN] ModelIntegratedComponent:63 - No mode defined for component null
2024-09-24 07:41:55,571 [WARN] ModelIntegratedComponent:63 - No mode defined for component null
2024-09-24 07:41:55,571 [WARN] ModelIntegratedComponent:63 - No mode defined for component null
2024-09-24 07:41:55,571 [WARN] ModelIntegratedComponent:63 - No mode defined for component null
2024-09-24 07:41:55,571 [WARN] ModelIntegratedComponent:63 - No mode defined for component null
2024-09-24 07:41:55,571 [WARN] ModelIntegratedComponent:63 - No mode defined for component null
2024-09-24 07:41:55,571 [WARN] ModelIntegratedComponent:63 - No mode defined for component null
2024-09-24 07:41:55,571 [WARN] ModelIntegratedComponent:63 - No mode defined for component null
2024-09-24 07:41:55,571 [WARN] ModelIntegratedComponent:63 - No mode defined for component null
2024-09-24 07:41:55,571 [WARN] ModelIntegratedComponent:63 - No mode defined for component null
2024-09-24 07:41:55,571 [WARN] ModelIntegratedComponent:63 - No mode defined for component null
2024-09-24 07:41:55,571 [WARN] ModelIntegratedComponent:63 - No mode defined for component null
2024-09-24 07:41:55,571 [WARN] ModelIntegratedComponent:63 - No mode defined for component null
2024-09-24 07:41:55,571 [WARN] ModelIntegratedComponent:63 - No mode defined for component null
2024-09-24 07:41:55,571 [WARN] ModelIntegratedComponent:63 - No mode defined for component null
2024-09-24 07:41:55,571 [WARN] ModelIntegratedComponent:63 - No mode defined for component null
2024-09-24 07:41:55,571 [WARN] ModelIntegratedComponent:63 - No mode defined for component null
2024-09-24 07:41:55,571 [WARN] ModelIntegratedComponent:63 - No mode defined for component null
2024-09-24 07:41:55,571 [WARN] ModelIntegratedComponent:63 - No mode defined for component null
2024-09-24 07:41:55,571 [WARN] ModelIntegratedComponent:63 - No mode defined for component null
2024-09-24 07:41:55,571 [WARN] ModelIntegratedComponent:63 - No mode defined for component null
2024-09-24 07:41:55,571 [WARN] ModelIntegratedComponent:63 - No mode defined for component null
2024-09-24 07:41:55,571 [WARN] ModelIntegratedComponent:63 - No mode defined for component null
2024-09-24 07:41:55,571 [WARN] ModelIntegratedComponent:63 - No mode defined for component null
2024-09-24 07:41:55,571 [WARN] ModelIntegratedComponent:63 - No mode defined for component null
2024-09-24 07:41:55,571 [WARN] ModelIntegratedComponent:63 - No mode defined for component null
2024-09-24 07:41:55,571 [WARN] ModelIntegratedComponent:63 - No mode defined for component null
2024-09-24 07:41:55,571 [WARN] ModelIntegratedComponent:63 - No mode defined for component null
2024-09-24 07:41:55,571 [WARN] ModelIntegratedComponent:63 - No mode defined for component null
2024-09-24 07:41:55,571 [WARN] ModelIntegratedComponent:63 - No mode defined for component null
2024-09-24 07:41:55,571 [WARN] ModelIntegratedComponent:63 - No mode defined for component null
2024-09-24 07:41:55,571 [WARN] ModelPack:524 - Component already loaded: STMicroelectronics:HAL Drivers:0.0.0:STMicroelectronics:Device:STMicro_Driver:XSPI:HAL::0.0.1:HAL_XSPI
2024-09-24 07:41:55,578 [INFO] ThirdPartyModel:298 - Start build external matchings
2024-09-24 07:41:55,743 [INFO] ThirdPartyModel:316 - End build external matchings
2024-09-24 07:41:55,746 [INFO] ImportTextPane:205 - (OptionalMessage_ERROR) IP (RCC) : Parameter (ADCFreqValue) has invalid value (32000000)
2024-09-24 07:41:55,746 [INFO] ImportTextPane:205 - (OptionalMessage_ERROR) IP (RCC) : Invalid parameter (FamilyName)
2024-09-24 07:41:55,746 [INFO] ImportTextPane:205 - (OptionalMessage_ERROR) IP (RCC) : Parameter (MCOFreq_Value) has invalid value (64000000)
2024-09-24 07:41:55,746 [INFO] ImportTextPane:205 - (OptionalMessage_ERROR) IP (RCC) : Parameter (USBFreq_Value) has invalid value (64000000)
2024-09-24 07:41:55,857 [INFO] UtilMem:75 - End LoadConfig() Used Memory: 568886336 Bytes (759169024)
2024-09-24 07:41:55,876 [WARN] ThirdParty:833 - waiting for thirdparty lock release [change project]
2024-09-24 07:41:55,876 [INFO] ThirdParty:835 - entering critical section [change project]
2024-09-24 07:41:55,877 [INFO] ThirdParty:1030 - CMSIS Pack Vendor :STMicroelectronics USBPD 4.1
2024-09-24 07:41:55,877 [INFO] ThirdParty:1030 - CMSIS Pack Vendor :STMicroelectronics X-CUBE-AZRTOS-H7 3.3.0
2024-09-24 07:41:55,877 [INFO] ThirdParty:1030 - CMSIS Pack Vendor :STMicroelectronics USB_HOST 2.0.0
2024-09-24 07:41:55,877 [INFO] ThirdParty:1030 - CMSIS Pack Vendor :STMicroelectronics FP-SNS-MOTENVWB1 1.4.0
2024-09-24 07:41:55,877 [INFO] ThirdParty:1030 - CMSIS Pack Vendor :STMicroelectronics X-CUBE-AZRTOS-F4 1.1.0
2024-09-24 07:41:55,877 [INFO] ThirdParty:1030 - CMSIS Pack Vendor :STMicroelectronics LIBJPEG 8.0.0
2024-09-24 07:41:55,877 [INFO] ThirdParty:1030 - CMSIS Pack Vendor :STMicroelectronics X-CUBE-SMBUS 2.1.0
2024-09-24 07:41:55,877 [INFO] ThirdParty:1030 - CMSIS Pack Vendor :STMicroelectronics USB_DEVICE 3.0.0
2024-09-24 07:41:55,877 [INFO] ThirdParty:1030 - CMSIS Pack Vendor :STMicroelectronics X-CUBE-TCPP 4.1.0
2024-09-24 07:41:55,877 [INFO] ThirdParty:1030 - CMSIS Pack Vendor :STMicroelectronics X-CUBE-ISPU 2.1.0
2024-09-24 07:41:55,877 [INFO] ThirdParty:1030 - CMSIS Pack Vendor :STMicroelectronics X-CUBE-FREERTOS 1.2.0
2024-09-24 07:41:55,877 [INFO] ThirdParty:1030 - CMSIS Pack Vendor :STMicroelectronics X-CUBE-AZRTOS-WB 2.0.0
2024-09-24 07:41:55,877 [INFO] ThirdParty:1030 - CMSIS Pack Vendor :STMicroelectronics X-CUBE-GNSS1 7.0.0
2024-09-24 07:41:55,877 [INFO] ThirdParty:1030 - CMSIS Pack Vendor :STMicroelectronics X-CUBE-AZRTOS-F7 1.1.0
2024-09-24 07:41:55,877 [INFO] ThirdParty:1030 - CMSIS Pack Vendor :STMicroelectronics X-CUBE-AZRTOS-L5 2.0.0
2024-09-24 07:41:55,877 [INFO] ThirdParty:1030 - CMSIS Pack Vendor :STMicroelectronics USB_DEVICE 2.0.0
2024-09-24 07:41:55,877 [INFO] ThirdParty:1030 - CMSIS Pack Vendor :STMicroelectronics X-CUBE-NFC6 3.1.0
2024-09-24 07:41:55,877 [INFO] ThirdParty:1030 - CMSIS Pack Vendor :STMicroelectronics FP-SNS-STBOX1 2.0.0
2024-09-24 07:41:55,877 [INFO] ThirdParty:1030 - CMSIS Pack Vendor :STMicroelectronics X-CUBE-MEMS1 11.0.0
2024-09-24 07:41:55,877 [INFO] ThirdParty:1030 - CMSIS Pack Vendor :STMicroelectronics FreeRTOS 0.0.1
2024-09-24 07:41:55,877 [INFO] ThirdParty:1030 - CMSIS Pack Vendor :STMicroelectronics X-CUBE-AZRTOS-G0 1.1.0
2024-09-24 07:41:55,877 [INFO] ThirdParty:1030 - CMSIS Pack Vendor :STMicroelectronics X-CUBE-SAFEA1 1.2.2
2024-09-24 07:41:55,877 [INFO] ThirdParty:1030 - CMSIS Pack Vendor :STMicroelectronics X-CUBE-NFC4 3.0.0
2024-09-24 07:41:55,877 [INFO] ThirdParty:1030 - CMSIS Pack Vendor :STMicroelectronics X-CUBE-DPower 1.2.0
2024-09-24 07:41:55,877 [INFO] ThirdParty:1030 - CMSIS Pack Vendor :STMicroelectronics X-CUBE-SUBG2 5.0.0
2024-09-24 07:41:55,877 [INFO] ThirdParty:1030 - CMSIS Pack Vendor :STMicroelectronics STM32_WPAN 1.0.0
2024-09-24 07:41:55,877 [INFO] ThirdParty:1030 - CMSIS Pack Vendor :EmbeddedOffice I-CUBE-FS-RTOS 1.0.1
2024-09-24 07:41:55,878 [INFO] ThirdParty:1030 - CMSIS Pack Vendor :STMicroelectronics lwIP 2.0.3
2024-09-24 07:41:55,878 [INFO] ThirdParty:1030 - CMSIS Pack Vendor :STMicroelectronics FP-SNS-FLIGHT1 5.0.2
2024-09-24 07:41:55,878 [INFO] ThirdParty:1030 - CMSIS Pack Vendor :Cesanta I-CUBE-Mongoose 7.13.0
2024-09-24 07:41:55,878 [INFO] ThirdParty:1030 - CMSIS Pack Vendor :STMicroelectronics USB_HOST 1.0.0
2024-09-24 07:41:55,878 [INFO] ThirdParty:1030 - CMSIS Pack Vendor :STMicroelectronics X-CUBE-AI 9.0.0
2024-09-24 07:41:55,878 [INFO] ThirdParty:1030 - CMSIS Pack Vendor :STMicroelectronics X-CUBE-AZRTOS-G4 2.0.0
2024-09-24 07:41:55,878 [INFO] ThirdParty:1030 - CMSIS Pack Vendor :STMicroelectronics PDM2PCM 3.1.0
2024-09-24 07:41:55,878 [INFO] ThirdParty:1030 - CMSIS Pack Vendor :STMicroelectronics PDM2PCM 3.3.0
2024-09-24 07:41:55,878 [INFO] ThirdParty:1030 - CMSIS Pack Vendor :STMicroelectronics X-CUBE-DISPLAY 3.0.0
2024-09-24 07:41:55,878 [INFO] ThirdParty:1030 - CMSIS Pack Vendor :RealThread X-CUBE-RT-Thread_Nano 4.1.1
2024-09-24 07:41:55,878 [INFO] ThirdParty:1030 - CMSIS Pack Vendor :STMicroelectronics X-CUBE-BLE1 7.0.0
2024-09-24 07:41:55,878 [INFO] ThirdParty:1030 - CMSIS Pack Vendor :STMicroelectronics FP-ATR-SIGFOX1 3.2.0
2024-09-24 07:41:55,878 [INFO] ThirdParty:1030 - CMSIS Pack Vendor :wolfSSL I-CUBE-wolfSSL 5.7.2
2024-09-24 07:41:55,878 [INFO] ThirdParty:1030 - CMSIS Pack Vendor :STMicroelectronics X-CUBE-EEPRMA1 5.1.0
2024-09-24 07:41:55,878 [INFO] ThirdParty:1030 - CMSIS Pack Vendor :STMicroelectronics HAL Drivers 0.0.0
2024-09-24 07:41:55,878 [INFO] ThirdParty:1030 - CMSIS Pack Vendor :STMicroelectronics MBEDTLS 2.16.2
2024-09-24 07:41:55,878 [INFO] ThirdParty:1030 - CMSIS Pack Vendor :STMicroelectronics X-CUBE-ALS 1.0.2
2024-09-24 07:41:55,878 [INFO] ThirdParty:1030 - CMSIS Pack Vendor :emotas I-CUBE-CANOPEN 1.3.0
2024-09-24 07:41:55,878 [INFO] ThirdParty:1030 - CMSIS Pack Vendor :STMicroelectronics X-CUBE-NFC7 1.0.1
2024-09-24 07:41:55,878 [INFO] ThirdParty:1030 - CMSIS Pack Vendor :STMicroelectronics MBEDTLS 2.14.1
2024-09-24 07:41:55,878 [INFO] ThirdParty:1030 - CMSIS Pack Vendor :STMicroelectronics X-CUBE-TOUCHGFX 4.24.0
2024-09-24 07:41:55,878 [INFO] ThirdParty:1030 - CMSIS Pack Vendor :ITTIA_DB I-CUBE-ITTIADB 8.9.0
2024-09-24 07:41:55,878 [INFO] ThirdParty:1030 - CMSIS Pack Vendor :STMicroelectronics X-CUBE-TOUCHGFX 4.24.1
2024-09-24 07:41:55,878 [INFO] ThirdParty:1030 - CMSIS Pack Vendor :wolfSSL I-CUBE-wolfTPM 3.4.0
2024-09-24 07:41:55,878 [INFO] ThirdParty:1030 - CMSIS Pack Vendor :portGmbH I-Cube-SoM-uGOAL 1.1.0
2024-09-24 07:41:55,878 [INFO] ThirdParty:1030 - CMSIS Pack Vendor :STMicroelectronics X-CUBE-BLEMGR 3.1.0
2024-09-24 07:41:55,878 [INFO] ThirdParty:1030 - CMSIS Pack Vendor :STMicroelectronics ThreadX 1.0.0
2024-09-24 07:41:55,878 [INFO] ThirdParty:1030 - CMSIS Pack Vendor :STMicroelectronics FP-SNS-SMARTAG2 1.2.0
2024-09-24 07:41:55,878 [INFO] ThirdParty:1030 - CMSIS Pack Vendor :STMicroelectronics X-CUBE-AZRTOS-WL 2.0.0
2024-09-24 07:41:55,878 [INFO] ThirdParty:1030 - CMSIS Pack Vendor :SEGGER I-CUBE-embOS 1.3.1
2024-09-24 07:41:55,878 [INFO] ThirdParty:1030 - CMSIS Pack Vendor :STMicroelectronics X-CUBE-ALGOBUILD 1.4.0
2024-09-24 07:41:55,878 [INFO] ThirdParty:1030 - CMSIS Pack Vendor :STMicroelectronics FP-SNS-MOTENV1 5.0.0
2024-09-24 07:41:55,878 [INFO] ThirdParty:1030 - CMSIS Pack Vendor :STMicroelectronics USB_DEVICE 1.0.0
2024-09-24 07:41:55,878 [INFO] ThirdParty:1030 - CMSIS Pack Vendor :STMicroelectronics X-CUBE-AZRTOS-H7RS 1.0.0
2024-09-24 07:41:55,878 [INFO] ThirdParty:1030 - CMSIS Pack Vendor :wolfSSL I-CUBE-wolfMQTT 1.19.0
2024-09-24 07:41:55,878 [INFO] ThirdParty:1030 - CMSIS Pack Vendor :STMicroelectronics X-CUBE-AZRTOS-L4 2.0.0
2024-09-24 07:41:55,878 [INFO] ThirdParty:1030 - CMSIS Pack Vendor :STMicroelectronics ThreadX 0.0.2
2024-09-24 07:41:55,878 [INFO] ThirdParty:1030 - CMSIS Pack Vendor :WES I-CUBE-Cesium 1.3.0
2024-09-24 07:41:55,878 [INFO] ThirdParty:1030 - CMSIS Pack Vendor :STMicroelectronics FP-ATR-ASTRA1 2.0.0
2024-09-24 07:41:55,878 [INFO] ThirdParty:1030 - CMSIS Pack Vendor :STMicroelectronics lwIP 2.1.2
2024-09-24 07:41:55,878 [INFO] ThirdParty:1030 - CMSIS Pack Vendor :STMicroelectronics X-CUBE-SFXS2LP1 4.0.0
2024-09-24 07:41:55,878 [INFO] ThirdParty:1030 - CMSIS Pack Vendor :STMicroelectronics X-CUBE-BLE2 3.3.0
2024-09-24 07:41:55,878 [INFO] ThirdParty:1030 - CMSIS Pack Vendor :STMicroelectronics X-CUBE-TOF1 3.4.2
2024-09-24 07:41:55,878 [INFO] ThirdParty:1030 - CMSIS Pack Vendor :Infineon AIROC-Wi-Fi-Bluetooth-STM32 1.6.1
2024-09-24 07:41:55,878 [INFO] ThirdParty:1030 - CMSIS Pack Vendor :STMicroelectronics PDM2PCM 3.2.0
2024-09-24 07:41:55,878 [INFO] ThirdParty:1030 - CMSIS Pack Vendor :wolfSSL I-CUBE-wolfSSH 1.4.17
2024-09-24 07:41:55,878 [INFO] ThirdParty:841 - exiting critical section [change project]
2024-09-24 07:41:55,920 [INFO] PinOutPanel:1561 - setPackage(No Configuration,No Configuration)
2024-09-24 07:41:55,921 [INFO] PinOutPanel:1561 - setPackage(STM32F103C8Tx,LQFP48)
2024-09-24 07:41:56,061 [INFO] UtilMem:75 - Before build in PCC Used Memory: 262130168 Bytes (738197504)
2024-09-24 07:41:56,218 [INFO] UtilMem:75 - After build in PCC Used Memory: 303546872 Bytes (738197504)
2024-09-24 07:41:56,229 [INFO] IPUIPlugin:80 - create IPUIPlugin
2024-09-24 07:41:56,229 [INFO] IPUIPlugin:80 - create IPUIPlugin
2024-09-24 07:41:56,229 [INFO] IPUIPlugin:80 - create IPUIPlugin
2024-09-24 07:41:56,229 [INFO] IPUIPlugin:80 - create IPUIPlugin
2024-09-24 07:41:56,229 [INFO] IPUIPlugin:80 - create IPUIPlugin
2024-09-24 07:41:56,229 [INFO] IPUIPlugin:80 - create IPUIPlugin
2024-09-24 07:41:56,229 [INFO] IPUIPlugin:80 - create IPUIPlugin
2024-09-24 07:41:56,229 [INFO] IPUIPlugin:80 - create IPUIPlugin
2024-09-24 07:41:56,229 [INFO] IPUIPlugin:80 - create IPUIPlugin
2024-09-24 07:41:56,229 [INFO] IPUIPlugin:80 - create IPUIPlugin
2024-09-24 07:41:56,229 [INFO] IPUIPlugin:80 - create IPUIPlugin
2024-09-24 07:41:56,229 [INFO] IPUIPlugin:80 - create IPUIPlugin
2024-09-24 07:41:56,229 [INFO] IPUIPlugin:80 - create IPUIPlugin
2024-09-24 07:41:56,229 [INFO] IPUIPlugin:80 - create IPUIPlugin
2024-09-24 07:41:56,229 [INFO] IPUIPlugin:80 - create IPUIPlugin
2024-09-24 07:41:56,229 [INFO] IPUIPlugin:80 - create IPUIPlugin
2024-09-24 07:41:56,229 [INFO] IPUIPlugin:80 - create IPUIPlugin
2024-09-24 07:41:56,229 [INFO] IPUIPlugin:80 - create IPUIPlugin
2024-09-24 07:41:56,230 [INFO] IPUIPlugin:80 - create IPUIPlugin
2024-09-24 07:41:56,230 [INFO] IPUIPlugin:80 - create IPUIPlugin
2024-09-24 07:41:56,230 [INFO] IPUIPlugin:80 - create IPUIPlugin
2024-09-24 07:41:56,230 [INFO] IPUIPlugin:80 - create IPUIPlugin
2024-09-24 07:41:56,230 [INFO] IPUIPlugin:80 - create IPUIPlugin
2024-09-24 07:41:56,230 [INFO] IPUIPlugin:80 - create IPUIPlugin
2024-09-24 07:41:56,230 [INFO] IPUIPlugin:80 - create IPUIPlugin
2024-09-24 07:41:56,230 [INFO] IPUIPlugin:80 - create IPUIPlugin
2024-09-24 07:41:56,230 [INFO] IPUIPlugin:80 - create IPUIPlugin
2024-09-24 07:41:56,231 [INFO] Can:71 - Can Add PropertyChangeListener com.st.microxplorer.plugins.ip.can.Can@15f333be
2024-09-24 07:41:56,262 [INFO] CADModel:165 - CPN selected for project levelSTM32F103C8T6
2024-09-24 07:41:56,262 [INFO] CADModel:114 - Register for checkConnection events
2024-09-24 07:41:56,308 [INFO] OpenFileManager:363 - Restore cursor
2024-09-24 08:12:04,452 [INFO] WebApp:189 - Connection lost
2024-09-24 08:12:04,660 [INFO] WebApp:186 - Connection restablished
2024-09-24 08:12:56,594 [INFO] WebApp:189 - Connection lost
2024-09-24 08:12:56,785 [INFO] WebApp:186 - Connection restablished
2024-09-24 08:14:37,625 [ERROR] LogOutputStream:75 - [STDERR_REDIRECT] 
2024-09-24 15:47:13,713 [INFO] Activator:176 - 


2024-09-24 15:47:13,713 [INFO] Activator:177 - !SESSION log4j initialized
2024-09-24 15:47:17,411 [INFO] LogOutputStream:77 - [STDOUT_REDIRECT] 
2024-09-24 15:47:26,005 [INFO] ApplicationProperties:184 - Using Application install path: C:\ST\STM32CubeIDE_1.16.1\STM32CubeIDE\plugins\com.st.stm32cube.common.mx_6.12.1.202409122256
2024-09-24 15:47:26,018 [INFO] DbMcusXml:78 - Set database path to: C:\ST\STM32CubeIDE_1.16.1\STM32CubeIDE\plugins\com.st.stm32cube.common.mx_6.12.1.202409122256\\db\/mcu/
2024-09-24 15:47:26,018 [INFO] ApiDb:274 - Set plugin database path to: C:\ST\STM32CubeIDE_1.16.1\STM32CubeIDE\plugins\com.st.stm32cube.common.mx_6.12.1.202409122256\\db\/plugins/boardmanager/
2024-09-24 15:47:26,018 [WARN] ApiDb:259 - Overriding images path with different value:  => C:\ST\STM32CubeIDE_1.16.1\STM32CubeIDE\plugins\com.st.stm32cube.common.mx_6.12.1.202409122256\\db\/plugins/mcufinder/images/
2024-09-24 15:47:26,022 [INFO] ApiDb:250 - Set database path to: C:\Users\Lenovo\.stmcufinder\plugins\mcufinder//mcu/
2024-09-24 15:47:26,022 [INFO] DbMcusAds:125 - Set database path to: C:\Users\Lenovo\.stmcufinder\plugins\mcufinder//mcu/
2024-09-24 15:47:26,024 [INFO] CrossReferenceDbSqlite:203 - Set database path to: C:\Users\Lenovo\.stmcufinder\plugins\mcufinder//mcu/cs/
2024-09-24 15:47:26,105 [INFO] RulesReader:64 - Compatibility file has been processed (297 Rules)
2024-09-24 15:47:26,206 [INFO] DbMcusXml:78 - Set database path to: C:\ST\STM32CubeIDE_1.16.1\STM32CubeIDE\plugins\com.st.stm32cube.common.mx_6.12.1.202409122256\\db\/mcu/
2024-09-24 15:47:26,206 [INFO] ApiDb:274 - Set plugin database path to: C:\ST\STM32CubeIDE_1.16.1\STM32CubeIDE\plugins\com.st.stm32cube.common.mx_6.12.1.202409122256\\db\/plugins/boardmanager/
2024-09-24 15:47:26,206 [INFO] ApiDb:261 - Set plugin images path to: C:\ST\STM32CubeIDE_1.16.1\STM32CubeIDE\plugins\com.st.stm32cube.common.mx_6.12.1.202409122256\\db\/plugins/mcufinder/images/
2024-09-24 15:47:26,206 [WARN] DbFile:41 - Overriding database path with different value: C:\Users\Lenovo\.stmcufinder\plugins\mcufinder/ => C:\Users\Lenovo\.stmcufinder\plugins\mcufinder
2024-09-24 15:47:26,206 [INFO] ApiDb:250 - Set database path to: C:\Users\Lenovo\.stmcufinder\plugins\mcufinder//mcu/
2024-09-24 15:47:26,206 [WARN] DbFile:41 - Overriding database path with different value: C:\Users\Lenovo\.stmcufinder\plugins\mcufinder/ => C:\Users\Lenovo\.stmcufinder\plugins\mcufinder
2024-09-24 15:47:26,206 [INFO] DbMcusAds:125 - Set database path to: C:\Users\Lenovo\.stmcufinder\plugins\mcufinder//mcu/
2024-09-24 15:47:26,207 [WARN] DbFile:41 - Overriding database path with different value: C:\Users\Lenovo\.stmcufinder\plugins\mcufinder/ => C:\Users\Lenovo\.stmcufinder\plugins\mcufinder
2024-09-24 15:47:26,207 [WARN] DbFile:41 - Overriding database path with different value: C:\Users\Lenovo\.stmcufinder\plugins\mcufinder/ => C:\Users\Lenovo\.stmcufinder\plugins\mcufinder
2024-09-24 15:47:26,207 [INFO] CrossReferenceDbSqlite:203 - Set database path to: C:\Users\Lenovo\.stmcufinder\plugins\mcufinder//mcu/cs/
2024-09-24 15:47:26,274 [INFO] MainPanel:268 - HeapMemory: 268435456
2024-09-24 15:47:26,326 [INFO] DbMcusXml:78 - Set database path to: C:\ST\STM32CubeIDE_1.16.1\STM32CubeIDE\plugins\com.st.stm32cube.common.mx_6.12.1.202409122256\\db\/mcu/
2024-09-24 15:47:26,326 [INFO] ApiDb:274 - Set plugin database path to: C:\ST\STM32CubeIDE_1.16.1\STM32CubeIDE\plugins\com.st.stm32cube.common.mx_6.12.1.202409122256\\db\/plugins/boardmanager/
2024-09-24 15:47:26,326 [INFO] ApiDb:261 - Set plugin images path to: C:\ST\STM32CubeIDE_1.16.1\STM32CubeIDE\plugins\com.st.stm32cube.common.mx_6.12.1.202409122256\\db\/plugins/mcufinder/images/
2024-09-24 15:47:26,327 [WARN] DbFile:41 - Overriding database path with different value: C:\Users\Lenovo\.stmcufinder\plugins\mcufinder/ => C:\Users\Lenovo\.stmcufinder\plugins\mcufinder
2024-09-24 15:47:26,327 [INFO] ApiDb:250 - Set database path to: C:\Users\Lenovo\.stmcufinder\plugins\mcufinder//mcu/
2024-09-24 15:47:26,327 [WARN] DbFile:41 - Overriding database path with different value: C:\Users\Lenovo\.stmcufinder\plugins\mcufinder/ => C:\Users\Lenovo\.stmcufinder\plugins\mcufinder
2024-09-24 15:47:26,327 [INFO] DbMcusAds:125 - Set database path to: C:\Users\Lenovo\.stmcufinder\plugins\mcufinder//mcu/
2024-09-24 15:47:26,327 [WARN] DbFile:41 - Overriding database path with different value: C:\Users\Lenovo\.stmcufinder\plugins\mcufinder/ => C:\Users\Lenovo\.stmcufinder\plugins\mcufinder
2024-09-24 15:47:26,327 [WARN] DbFile:41 - Overriding database path with different value: C:\Users\Lenovo\.stmcufinder\plugins\mcufinder/ => C:\Users\Lenovo\.stmcufinder\plugins\mcufinder
2024-09-24 15:47:26,327 [INFO] CrossReferenceDbSqlite:203 - Set database path to: C:\Users\Lenovo\.stmcufinder\plugins\mcufinder//mcu/cs/
2024-09-24 15:47:26,362 [INFO] ApplicationProperties:184 - Using Application install path: C:\ST\STM32CubeIDE_1.16.1\STM32CubeIDE\plugins\com.st.stm32cube.common.mx_6.12.1.202409122256
2024-09-24 15:47:26,363 [INFO] PluginManage:196 - Search for loadable plugins [exclusion list=, ]
2024-09-24 15:47:26,365 [INFO] PluginManage:310 - Check plugin analytics
2024-09-24 15:47:26,494 [INFO] AnalyticsPlugin:253 - Accepted Software Licenses: STM32CubeMX.6.12.0
2024-09-24 15:47:26,494 [INFO] AnalyticsPlugin:255 - Accepted CMSIS Pack Licenses: 
2024-09-24 15:47:26,494 [INFO] AnalyticsPlugin:257 - Accepted Firmware Licenses: FW.F4.1.28.0
2024-09-24 15:47:26,496 [INFO] PluginManage:359 - Loaded plugin analytics (category:tool,tabindex:-1)
2024-09-24 15:47:26,496 [INFO] PluginManage:310 - Check plugin cadmodel
2024-09-24 15:47:26,499 [INFO] CADModel:105 - Init CAD model plugin
2024-09-24 15:47:26,499 [INFO] PluginManage:359 - Loaded plugin cadmodel (category:power,tabindex:5)
2024-09-24 15:47:26,499 [INFO] PluginManage:310 - Check plugin clock
2024-09-24 15:47:26,505 [INFO] PluginManage:359 - Loaded plugin clock (category:base,tabindex:2)
2024-09-24 15:47:26,505 [INFO] PluginManage:310 - Check plugin ddr
2024-09-24 15:47:26,507 [INFO] PluginManage:359 - Loaded plugin ddr (category:tool,tabindex:6)
2024-09-24 15:47:26,507 [INFO] PluginManage:310 - Check plugin filemanager
2024-09-24 15:47:26,612 [INFO] PluginManage:359 - Loaded plugin filemanager (category:base,tabindex:10)
2024-09-24 15:47:26,612 [INFO] PluginManage:310 - Check plugin ipmanager
2024-09-24 15:47:26,620 [INFO] PluginManage:359 - Loaded plugin ipmanager (category:base,tabindex:5)
2024-09-24 15:47:26,620 [INFO] PluginManage:310 - Check plugin lpbam
2024-09-24 15:47:26,626 [INFO] PluginManage:359 - Loaded plugin lpbam (category:base,tabindex:0)
2024-09-24 15:47:26,626 [INFO] PluginManage:310 - Check plugin memorymap
2024-09-24 15:47:26,634 [INFO] PluginManage:359 - Loaded plugin memorymap (category:base,tabindex:4)
2024-09-24 15:47:26,634 [INFO] PluginManage:310 - Check plugin pinoutandconfiguration
2024-09-24 15:47:26,639 [INFO] PluginManage:359 - Loaded plugin pinoutandconfiguration (category:base,tabindex:1)
2024-09-24 15:47:26,639 [INFO] PluginManage:310 - Check plugin pinoutconfig
2024-09-24 15:47:26,707 [WARN] SupportedApi:132 - Cannot load RTOS API schema: s4s-elt-must-match.1: The content of 'definitions' must match (annotation?, (simpleType | complexType)?, (unique | key | keyref)*)). A problem was found starting at: attribute.
2024-09-24 15:47:26,789 [INFO] PluginManage:359 - Loaded plugin pinoutconfig (category:base,tabindex:0)
2024-09-24 15:47:26,789 [INFO] PluginManage:310 - Check plugin power
2024-09-24 15:47:26,795 [INFO] PluginManage:359 - Loaded plugin power (category:power,tabindex:4)
2024-09-24 15:47:26,796 [INFO] PluginManage:310 - Check plugin projectmanager
2024-09-24 15:47:26,808 [INFO] PluginManage:359 - Loaded plugin projectmanager (category:projectmanager,tabindex:4)
2024-09-24 15:47:26,809 [INFO] PluginManage:310 - Check plugin rif
2024-09-24 15:47:26,812 [INFO] PluginManage:359 - Loaded plugin rif (category:base,tabindex:3)
2024-09-24 15:47:26,813 [INFO] PluginManage:310 - Check plugin thirdparty
2024-09-24 15:47:26,898 [INFO] PluginManage:359 - Loaded plugin thirdparty (category:base,tabindex:-1)
2024-09-24 15:47:26,897 [WARN] IntegrityCheckThread:84 - waiting for thirdparty lock release [integrity check]
2024-09-24 15:47:26,898 [INFO] PluginManage:310 - Check plugin tools
2024-09-24 15:47:26,898 [INFO] IntegrityCheckThread:86 - entering critical section [integrity check]
2024-09-24 15:47:26,898 [INFO] ThirdPartyUpdaterWithRetryManager:70 - Updater plugin not ready yet. [1/15]
2024-09-24 15:47:26,901 [INFO] PluginManage:359 - Loaded plugin tools (category:base,tabindex:7)
2024-09-24 15:47:26,901 [INFO] PluginManage:310 - Check plugin tutovideos
2024-09-24 15:47:27,009 [INFO] PluginManage:359 - Loaded plugin tutovideos (category:base,tabindex:-1)
2024-09-24 15:47:27,009 [INFO] PluginManage:310 - Check plugin updater
2024-09-24 15:47:27,019 [INFO] PluginManage:359 - Loaded plugin updater (category:base,tabindex:12)
2024-09-24 15:47:27,020 [INFO] PluginManage:310 - Check plugin userauth
2024-09-24 15:47:27,023 [INFO] UserAuth:113 - Init User Auth plugin
2024-09-24 15:47:27,024 [INFO] PluginManage:359 - Loaded plugin userauth (category:base,tabindex:14)
2024-09-24 15:47:27,024 [INFO] PluginManage:283 - PluginManage : Loaded plugins [18]
2024-09-24 15:47:27,226 [INFO] PinOutPanel:1561 - setPackage(No Configuration,No Configuration)
2024-09-24 15:47:27,303 [INFO] CADModel:165 - CPN selected for project level
2024-09-24 15:47:27,303 [INFO] CADModel:114 - Register for checkConnection events
2024-09-24 15:47:27,313 [INFO] IPUIPlugin:80 - create IPUIPlugin
2024-09-24 15:47:27,314 [INFO] PluginManager:220 - loadIPPluginJar : add adc
2024-09-24 15:47:27,315 [INFO] IPUIPlugin:80 - create IPUIPlugin
2024-09-24 15:47:27,315 [INFO] PluginManager:220 - loadIPPluginJar : add aes
2024-09-24 15:47:27,317 [INFO] IPUIPlugin:80 - create IPUIPlugin
2024-09-24 15:47:27,317 [INFO] PluginManager:220 - loadIPPluginJar : add can
2024-09-24 15:47:27,318 [INFO] IPUIPlugin:80 - create IPUIPlugin
2024-09-24 15:47:27,318 [INFO] PluginManager:220 - loadIPPluginJar : add comp
2024-09-24 15:47:27,319 [INFO] IPUIPlugin:80 - create IPUIPlugin
2024-09-24 15:47:27,319 [INFO] PluginManager:220 - loadIPPluginJar : add cryp
2024-09-24 15:47:27,320 [INFO] IPUIPlugin:80 - create IPUIPlugin
2024-09-24 15:47:27,320 [INFO] PluginManager:220 - loadIPPluginJar : add ddr_ctrl_phy
2024-09-24 15:47:27,321 [INFO] IPUIPlugin:80 - create IPUIPlugin
2024-09-24 15:47:27,322 [INFO] PluginManager:220 - loadIPPluginJar : add dfsdm
2024-09-24 15:47:27,325 [INFO] IPUIPlugin:80 - create IPUIPlugin
2024-09-24 15:47:27,325 [INFO] PluginManager:220 - loadIPPluginJar : add dma
2024-09-24 15:47:27,326 [INFO] IPUIPlugin:80 - create IPUIPlugin
2024-09-24 15:47:27,327 [INFO] PluginManager:220 - loadIPPluginJar : add dma3
2024-09-24 15:47:27,328 [INFO] IPUIPlugin:80 - create IPUIPlugin
2024-09-24 15:47:27,328 [INFO] PluginManager:220 - loadIPPluginJar : add extmemmanager
2024-09-24 15:47:27,329 [INFO] IPUIPlugin:80 - create IPUIPlugin
2024-09-24 15:47:27,329 [INFO] PluginManager:220 - loadIPPluginJar : add fatfs
2024-09-24 15:47:27,332 [INFO] IPUIPlugin:80 - create IPUIPlugin
2024-09-24 15:47:27,332 [INFO] PluginManager:220 - loadIPPluginJar : add fmc
2024-09-24 15:47:27,335 [INFO] IPUIPlugin:80 - create IPUIPlugin
2024-09-24 15:47:27,335 [INFO] PluginManager:220 - loadIPPluginJar : add freertos
2024-09-24 15:47:27,336 [INFO] IPUIPlugin:80 - create IPUIPlugin
2024-09-24 15:47:27,336 [INFO] PluginManager:220 - loadIPPluginJar : add genericplugin
2024-09-24 15:47:27,338 [INFO] IPUIPlugin:80 - create IPUIPlugin
2024-09-24 15:47:27,338 [INFO] PluginManager:220 - loadIPPluginJar : add gfxmmu
2024-09-24 15:47:27,341 [INFO] IPUIPlugin:80 - create IPUIPlugin
2024-09-24 15:47:27,342 [INFO] PluginManager:220 - loadIPPluginJar : add gic
2024-09-24 15:47:27,344 [INFO] IPUIPlugin:80 - create IPUIPlugin
2024-09-24 15:47:27,344 [INFO] PluginManager:220 - loadIPPluginJar : add gpio
2024-09-24 15:47:27,346 [INFO] IPUIPlugin:80 - create IPUIPlugin
2024-09-24 15:47:27,346 [INFO] PluginManager:220 - loadIPPluginJar : add gtzc
2024-09-24 15:47:27,348 [INFO] IPUIPlugin:80 - create IPUIPlugin
2024-09-24 15:47:27,348 [INFO] PluginManager:220 - loadIPPluginJar : add hash
2024-09-24 15:47:27,350 [INFO] IPUIPlugin:80 - create IPUIPlugin
2024-09-24 15:47:27,350 [INFO] PluginManager:220 - loadIPPluginJar : add i2c
2024-09-24 15:47:27,352 [INFO] IPUIPlugin:80 - create IPUIPlugin
2024-09-24 15:47:27,352 [INFO] PluginManager:220 - loadIPPluginJar : add i2s
2024-09-24 15:47:27,354 [INFO] IPUIPlugin:80 - create IPUIPlugin
2024-09-24 15:47:27,354 [INFO] PluginManager:220 - loadIPPluginJar : add i3c
2024-09-24 15:47:27,356 [INFO] IPUIPlugin:80 - create IPUIPlugin
2024-09-24 15:47:27,356 [INFO] PluginManager:220 - loadIPPluginJar : add ipddr
2024-09-24 15:47:27,361 [INFO] IPUIPlugin:80 - create IPUIPlugin
2024-09-24 15:47:27,361 [INFO] PluginManager:220 - loadIPPluginJar : add linkedlist
2024-09-24 15:47:27,363 [INFO] IPUIPlugin:80 - create IPUIPlugin
2024-09-24 15:47:27,363 [INFO] PluginManager:220 - loadIPPluginJar : add lorawan
2024-09-24 15:47:27,364 [INFO] IPUIPlugin:80 - create IPUIPlugin
2024-09-24 15:47:27,364 [INFO] PluginManager:220 - loadIPPluginJar : add ltdc
2024-09-24 15:47:27,369 [INFO] IPUIPlugin:80 - create IPUIPlugin
2024-09-24 15:47:27,369 [INFO] PluginManager:220 - loadIPPluginJar : add mdma
2024-09-24 15:47:27,372 [INFO] IPUIPlugin:80 - create IPUIPlugin
2024-09-24 15:47:27,372 [INFO] PluginManager:220 - loadIPPluginJar : add nvic
2024-09-24 15:47:27,374 [INFO] IPUIPlugin:80 - create IPUIPlugin
2024-09-24 15:47:27,374 [INFO] PluginManager:220 - loadIPPluginJar : add opamp
2024-09-24 15:47:27,376 [INFO] IPUIPlugin:80 - create IPUIPlugin
2024-09-24 15:47:27,376 [INFO] PluginManager:220 - loadIPPluginJar : add openamp
2024-09-24 15:47:27,378 [INFO] IPUIPlugin:80 - create IPUIPlugin
2024-09-24 15:47:27,378 [INFO] PluginManager:220 - loadIPPluginJar : add pdm2pcm
2024-09-24 15:47:27,383 [INFO] IPUIPlugin:80 - create IPUIPlugin
2024-09-24 15:47:27,384 [INFO] PluginManager:220 - loadIPPluginJar : add plateformsettings
2024-09-24 15:47:27,385 [INFO] IPUIPlugin:80 - create IPUIPlugin
2024-09-24 15:47:27,386 [INFO] PluginManager:220 - loadIPPluginJar : add quadspi
2024-09-24 15:47:27,387 [INFO] IPUIPlugin:80 - create IPUIPlugin
2024-09-24 15:47:27,387 [INFO] PluginManager:220 - loadIPPluginJar : add radio
2024-09-24 15:47:27,389 [INFO] IPUIPlugin:80 - create IPUIPlugin
2024-09-24 15:47:27,389 [INFO] PluginManager:220 - loadIPPluginJar : add resmgrutility
2024-09-24 15:47:27,391 [INFO] IPUIPlugin:80 - create IPUIPlugin
2024-09-24 15:47:27,391 [INFO] PluginManager:220 - loadIPPluginJar : add sai
2024-09-24 15:47:27,392 [INFO] IPUIPlugin:80 - create IPUIPlugin
2024-09-24 15:47:27,393 [INFO] PluginManager:220 - loadIPPluginJar : add spi
2024-09-24 15:47:27,396 [INFO] IPUIPlugin:80 - create IPUIPlugin
2024-09-24 15:47:27,396 [INFO] PluginManager:220 - loadIPPluginJar : add stm32_wpan
2024-09-24 15:47:27,397 [INFO] IPUIPlugin:80 - create IPUIPlugin
2024-09-24 15:47:27,397 [INFO] PluginManager:220 - loadIPPluginJar : add tim
2024-09-24 15:47:27,399 [INFO] IPUIPlugin:80 - create IPUIPlugin
2024-09-24 15:47:27,399 [INFO] PluginManager:220 - loadIPPluginJar : add touchsensing
2024-09-24 15:47:27,400 [INFO] IPUIPlugin:80 - create IPUIPlugin
2024-09-24 15:47:27,400 [INFO] PluginManager:220 - loadIPPluginJar : add tracer_emb
2024-09-24 15:47:27,401 [INFO] IPUIPlugin:80 - create IPUIPlugin
2024-09-24 15:47:27,401 [INFO] PluginManager:220 - loadIPPluginJar : add ts
2024-09-24 15:47:27,402 [INFO] IPUIPlugin:80 - create IPUIPlugin
2024-09-24 15:47:27,402 [INFO] PluginManager:220 - loadIPPluginJar : add tsc
2024-09-24 15:47:27,403 [INFO] IPUIPlugin:80 - create IPUIPlugin
2024-09-24 15:47:27,403 [INFO] PluginManager:220 - loadIPPluginJar : add ucpd
2024-09-24 15:47:27,404 [INFO] IPUIPlugin:80 - create IPUIPlugin
2024-09-24 15:47:27,404 [INFO] PluginManager:220 - loadIPPluginJar : add usart
2024-09-24 15:47:27,406 [INFO] IPUIPlugin:80 - create IPUIPlugin
2024-09-24 15:47:27,406 [INFO] PluginManager:220 - loadIPPluginJar : add usbx
2024-09-24 15:47:27,531 [INFO] CADModel:165 - CPN selected for project level
2024-09-24 15:47:27,532 [INFO] CADModel:114 - Register for checkConnection events
2024-09-24 15:47:27,532 [FATAL] Updater:334 - Updater called before beeing initialized
2024-09-24 15:47:27,533 [ERROR] CADModel:125 - Updater not yet initialized, retry later 
2024-09-24 15:47:27,623 [INFO] CADModel:165 - CPN selected for project level
2024-09-24 15:47:27,623 [INFO] CADModel:114 - Register for checkConnection events
2024-09-24 15:47:27,623 [FATAL] Updater:334 - Updater called before beeing initialized
2024-09-24 15:47:27,623 [ERROR] CADModel:125 - Updater not yet initialized, retry later 
2024-09-24 15:47:27,626 [FATAL] Updater:334 - Updater called before beeing initialized
2024-09-24 15:47:27,722 [FATAL] Updater:334 - Updater called before beeing initialized
2024-09-24 15:47:27,725 [INFO] DbMcusAds:53 - JSON generation date=Fri Sep 20 16:04:23 TRT 2024 (1726837463113)
2024-09-24 15:47:27,725 [FATAL] Updater:334 - Updater called before beeing initialized
2024-09-24 15:47:27,752 [WARN] DetailPanel:346 - Failed to get advertising image, set to default
2024-09-24 15:47:27,822 [FATAL] Updater:334 - Updater called before beeing initialized
2024-09-24 15:47:27,823 [FATAL] Updater:334 - Updater called before beeing initialized
2024-09-24 15:47:27,823 [FATAL] Updater:334 - Updater called before beeing initialized
2024-09-24 15:47:27,823 [WARN] DetailPanel:346 - Failed to get advertising image, set to default
2024-09-24 15:47:27,824 [FATAL] Updater:334 - Updater called before beeing initialized
2024-09-24 15:47:27,860 [ERROR] Updater:1164 - MainUpdater not yet initialized. External WinMGr cannot be set.
2024-09-24 15:47:27,862 [INFO] Updater:1100 - Updater Version found : 6.12.1
2024-09-24 15:47:27,872 [INFO] ApplicationProperties:184 - Using Application install path: C:\ST\STM32CubeIDE_1.16.1\STM32CubeIDE\plugins\com.st.stm32cube.common.mx_6.12.1.202409122256
2024-09-24 15:47:28,110 [INFO] MainUpdater:2873 - connection check result : 10
2024-09-24 15:47:28,111 [INFO] MainUpdater:290 - Updater Check For Update Now.
2024-09-24 15:47:28,111 [INFO] MicroXplorer:498 - Change Database Version : DB.6.0.121
2024-09-24 15:47:28,116 [INFO] McuFinderGlobals:63 - Set McuFinder mode to 2 (CubeIDE integrated)
2024-09-24 15:47:28,116 [INFO] UserAuth:179 - activating auth plugin
2024-09-24 15:47:28,120 [INFO] UserAuth:417 - Internet connection configuration mode: 1
2024-09-24 15:47:28,133 [INFO] JxBrowserEngine:152 - Initiate JxBrowser Engine with user profile folder
2024-09-24 15:47:28,279 [INFO] CheckServerUpdateThread:120 - End of CheckServer Thread
2024-09-24 15:47:28,816 [INFO] WebApp:167 - Instantiating new browser for Auth
2024-09-24 15:47:29,303 [INFO] WebApp:448 - Apply proxy settings
2024-09-24 15:47:29,303 [INFO] WebApp:533 - Chromium requires no authentication
2024-09-24 15:47:29,310 [INFO] WebApp:476 - Direct internet connection detected
2024-09-24 15:47:29,324 [INFO] WebApp:869 - Register for checkConnection events
2024-09-24 15:47:29,324 [INFO] WebApp:448 - Apply proxy settings
2024-09-24 15:47:29,325 [INFO] WebApp:533 - Chromium requires no authentication
2024-09-24 15:47:29,325 [INFO] WebApp:476 - Direct internet connection detected
2024-09-24 15:47:29,426 [INFO] WebApp:220 - Starting web application
2024-09-24 15:47:29,426 [INFO] WebApp:578 - Web application path used C:\ST\STM32CubeIDE_1.16.1\STM32CubeIDE\plugins\com.st.stm32cube.common.mx_6.12.1.202409122256\db\plugins\mcufinder\reactClient1\index.html
2024-09-24 15:47:29,827 [INFO] WebApp:186 - Connection restablished
2024-09-24 15:47:30,069 [WARN] PackLoader:240 - Cannot read IP mode file for STMicroelectronics.FP-SNS-MOTENVWB1.1.4.0
2024-09-24 15:47:30,083 [WARN] PackLoader:240 - Cannot read IP mode file for STMicroelectronics.X-CUBE-SMBUS.2.1.0
2024-09-24 15:47:30,105 [WARN] PackLoader:240 - Cannot read IP mode file for STMicroelectronics.X-CUBE-AZRTOS-F7.1.1.0
2024-09-24 15:47:30,168 [WARN] PackLoader:240 - Cannot read IP mode file for STMicroelectronics.X-CUBE-MEMS1.11.0.0
2024-09-24 15:47:30,284 [WARN] PackLoader:240 - Cannot read IP mode file for STMicroelectronics.FP-SNS-FLIGHT1.5.0.2
2024-09-24 15:47:30,291 [WARN] PackLoader:240 - Cannot read IP mode file for STMicroelectronics.X-CUBE-DISPLAY.3.0.0
2024-09-24 15:47:30,299 [WARN] PackLoader:240 - Cannot read IP mode file for STMicroelectronics.X-CUBE-BLE1.7.0.0
2024-09-24 15:47:30,304 [WARN] PackLoader:240 - Cannot read IP mode file for emotas.I-CUBE-CANOPEN.1.3.0
2024-09-24 15:47:30,312 [WARN] PackLoader:240 - Cannot read IP mode file for STMicroelectronics.X-CUBE-BLEMGR.3.1.0
2024-09-24 15:47:30,317 [WARN] PackLoader:240 - Cannot read IP mode file for STMicroelectronics.FP-SNS-SMARTAG2.1.2.0
2024-09-24 15:47:30,325 [INFO] LogOutputStream:77 - [STDOUT_REDIRECT] 1 : Invalid condition id : UX_CORESTACK_Condition cause : null
2024-09-24 15:47:30,326 [INFO] LogOutputStream:77 - [STDOUT_REDIRECT] 1 : Invalid condition id : UX_CORESTACK_Condition cause : null
2024-09-24 15:47:30,327 [INFO] LogOutputStream:77 - [STDOUT_REDIRECT] 1 : Invalid condition id : UX_CORESTACK_Condition cause : null
2024-09-24 15:47:30,328 [INFO] LogOutputStream:77 - [STDOUT_REDIRECT] 1 : Invalid condition id : UX_CORESTACK_Condition cause : null
2024-09-24 15:47:30,329 [INFO] LogOutputStream:77 - [STDOUT_REDIRECT] 1 : Invalid condition id : UX_CORESTACK_Condition cause : null
2024-09-24 15:47:30,331 [WARN] PackLoader:240 - Cannot read IP mode file for STMicroelectronics.X-CUBE-AZRTOS-WL.2.0.0
2024-09-24 15:47:30,335 [WARN] PackLoader:240 - Cannot read IP mode file for STMicroelectronics.FP-SNS-MOTENV1.5.0.0
2024-09-24 15:47:30,341 [WARN] PackLoader:240 - Cannot read IP mode file for wolfSSL.I-CUBE-wolfMQTT.1.19.0
2024-09-24 15:47:30,348 [WARN] PackLoader:240 - Cannot read IP mode file for WES.I-CUBE-Cesium.1.3.0
2024-09-24 15:47:30,354 [WARN] PackLoader:240 - Cannot read IP mode file for STMicroelectronics.X-CUBE-BLE2.3.3.0
2024-09-24 15:47:30,360 [WARN] PackLoader:240 - Cannot read IP mode file for STMicroelectronics.X-CUBE-TCPP.4.1.0
2024-09-24 15:47:30,376 [WARN] PackLoader:240 - Cannot read IP mode file for STMicroelectronics.X-CUBE-AZRTOS-G0.1.1.0
2024-09-24 15:47:30,383 [WARN] PackLoader:240 - Cannot read IP mode file for STMicroelectronics.X-CUBE-SAFEA1.1.2.2
2024-09-24 15:47:30,387 [WARN] PackLoader:240 - Cannot read IP mode file for STMicroelectronics.X-CUBE-NFC4.3.0.0
2024-09-24 15:47:30,393 [WARN] PackLoader:240 - Cannot read IP mode file for EmbeddedOffice.I-CUBE-FS-RTOS.1.0.1
2024-09-24 15:47:30,394 [ERROR] ConditionMgr:805 - Attr not supported : Dmpu
2024-09-24 15:47:30,394 [ERROR] ConditionMgr:805 - Attr not supported : Dmpu
2024-09-24 15:47:30,394 [ERROR] ConditionMgr:805 - Attr not supported : Dmpu
2024-09-24 15:47:30,394 [ERROR] ConditionMgr:805 - Attr not supported : Dmpu
2024-09-24 15:47:30,394 [ERROR] ConditionMgr:805 - Attr not supported : Dmpu
2024-09-24 15:47:30,394 [ERROR] ConditionMgr:805 - Attr not supported : Dmpu
2024-09-24 15:47:30,394 [ERROR] ConditionMgr:805 - Attr not supported : Dmpu
2024-09-24 15:47:30,394 [ERROR] ConditionMgr:805 - Attr not supported : Dmpu
2024-09-24 15:47:30,394 [ERROR] ConditionMgr:805 - Attr not supported : Dmpu
2024-09-24 15:47:30,394 [ERROR] ConditionMgr:805 - Attr not supported : Dmpu
2024-09-24 15:47:30,394 [ERROR] ConditionMgr:805 - Attr not supported : Dmpu
2024-09-24 15:47:30,394 [ERROR] ConditionMgr:805 - Attr not supported : Dmpu
2024-09-24 15:47:30,394 [ERROR] ConditionMgr:805 - Attr not supported : Dmpu
2024-09-24 15:47:30,394 [ERROR] ConditionMgr:805 - Attr not supported : Dmpu
2024-09-24 15:47:30,394 [ERROR] ConditionMgr:805 - Attr not supported : Dmpu
2024-09-24 15:47:30,394 [ERROR] ConditionMgr:805 - Attr not supported : Dmpu
2024-09-24 15:47:30,394 [ERROR] ConditionMgr:805 - Attr not supported : Dmpu
2024-09-24 15:47:30,394 [ERROR] ConditionMgr:805 - Attr not supported : Dmpu
2024-09-24 15:47:30,394 [ERROR] ConditionMgr:805 - Attr not supported : Dmpu
2024-09-24 15:47:30,395 [ERROR] ConditionMgr:805 - Attr not supported : Dmpu
2024-09-24 15:47:30,395 [ERROR] ConditionMgr:805 - Attr not supported : Dmpu
2024-09-24 15:47:30,395 [ERROR] ConditionMgr:805 - Attr not supported : Dmpu
2024-09-24 15:47:30,395 [ERROR] ConditionMgr:805 - Attr not supported : Dmpu
2024-09-24 15:47:30,395 [ERROR] ConditionMgr:805 - Attr not supported : Dmpu
2024-09-24 15:47:30,395 [ERROR] ConditionMgr:805 - Attr not supported : Dmpu
2024-09-24 15:47:30,395 [ERROR] ConditionMgr:805 - Attr not supported : Dmpu
2024-09-24 15:47:30,395 [ERROR] ConditionMgr:805 - Attr not supported : Dmpu
2024-09-24 15:47:30,395 [ERROR] ConditionMgr:805 - Attr not supported : Dmpu
2024-09-24 15:47:30,395 [ERROR] ConditionMgr:805 - Attr not supported : Dmpu
2024-09-24 15:47:30,395 [ERROR] ConditionMgr:805 - Attr not supported : Dmpu
2024-09-24 15:47:30,395 [ERROR] ConditionMgr:805 - Attr not supported : Dmpu
2024-09-24 15:47:30,395 [ERROR] ConditionMgr:805 - Attr not supported : Dmpu
2024-09-24 15:47:30,395 [ERROR] ConditionMgr:805 - Attr not supported : Dmpu
2024-09-24 15:47:30,395 [ERROR] ConditionMgr:805 - Attr not supported : Dmpu
2024-09-24 15:47:30,395 [ERROR] ConditionMgr:805 - Attr not supported : Dmpu
2024-09-24 15:47:30,395 [ERROR] ConditionMgr:805 - Attr not supported : Dmpu
2024-09-24 15:47:30,395 [ERROR] ConditionMgr:805 - Attr not supported : Dmpu
2024-09-24 15:47:30,395 [ERROR] ConditionMgr:805 - Attr not supported : Dmpu
2024-09-24 15:47:30,395 [ERROR] ConditionMgr:805 - Attr not supported : Dmpu
2024-09-24 15:47:30,395 [ERROR] ConditionMgr:805 - Attr not supported : Dmpu
2024-09-24 15:47:30,395 [ERROR] ConditionMgr:805 - Attr not supported : Dmpu
2024-09-24 15:47:30,396 [ERROR] ConditionMgr:805 - Attr not supported : Dmpu
2024-09-24 15:47:30,396 [ERROR] ConditionMgr:805 - Attr not supported : Dmpu
2024-09-24 15:47:30,396 [ERROR] ConditionMgr:805 - Attr not supported : Dmpu
2024-09-24 15:47:30,396 [ERROR] ConditionMgr:805 - Attr not supported : Dmpu
2024-09-24 15:47:30,396 [ERROR] ConditionMgr:805 - Attr not supported : Dmpu
2024-09-24 15:47:30,396 [ERROR] ConditionMgr:805 - Attr not supported : Dmpu
2024-09-24 15:47:30,396 [ERROR] ConditionMgr:805 - Attr not supported : Dmpu
2024-09-24 15:47:30,396 [ERROR] ConditionMgr:805 - Attr not supported : Dmpu
2024-09-24 15:47:30,396 [ERROR] ConditionMgr:805 - Attr not supported : Dmpu
2024-09-24 15:47:30,396 [ERROR] ConditionMgr:805 - Attr not supported : Dmpu
2024-09-24 15:47:30,396 [ERROR] ConditionMgr:805 - Attr not supported : Dmpu
2024-09-24 15:47:30,396 [ERROR] ConditionMgr:805 - Attr not supported : Dmpu
2024-09-24 15:47:30,396 [ERROR] ConditionMgr:805 - Attr not supported : Dmpu
2024-09-24 15:47:30,396 [ERROR] ConditionMgr:805 - Attr not supported : Dmpu
2024-09-24 15:47:30,397 [ERROR] ConditionMgr:805 - Attr not supported : Dmpu
2024-09-24 15:47:30,397 [ERROR] ConditionMgr:805 - Attr not supported : Dmpu
2024-09-24 15:47:30,397 [ERROR] ConditionMgr:805 - Attr not supported : Dmpu
2024-09-24 15:47:30,397 [ERROR] ConditionMgr:805 - Attr not supported : Dmpu
2024-09-24 15:47:30,397 [ERROR] ConditionMgr:805 - Attr not supported : Dmpu
2024-09-24 15:47:30,397 [ERROR] ConditionMgr:805 - Attr not supported : Dmpu
2024-09-24 15:47:30,397 [ERROR] ConditionMgr:805 - Attr not supported : Dmpu
2024-09-24 15:47:30,397 [ERROR] ConditionMgr:805 - Attr not supported : Dmpu
2024-09-24 15:47:30,397 [ERROR] ConditionMgr:805 - Attr not supported : Dmpu
2024-09-24 15:47:30,402 [WARN] PackLoader:240 - Cannot read IP mode file for RealThread.X-CUBE-RT-Thread_Nano.4.1.1
2024-09-24 15:47:30,406 [WARN] PackLoader:240 - Cannot read IP mode file for STMicroelectronics.FP-ATR-SIGFOX1.3.2.0
2024-09-24 15:47:30,410 [WARN] PackLoader:240 - Cannot read IP mode file for wolfSSL.I-CUBE-wolfSSL.5.7.2
2024-09-24 15:47:30,413 [WARN] PackLoader:240 - Cannot read IP mode file for STMicroelectronics.X-CUBE-EEPRMA1.5.1.0
2024-09-24 15:47:30,421 [WARN] PackLoader:240 - Cannot read IP mode file for ITTIA_DB.I-CUBE-ITTIADB.8.9.0
2024-09-24 15:47:30,449 [WARN] PackLoader:240 - Cannot read IP mode file for SEGGER.I-CUBE-embOS.1.3.1
2024-09-24 15:47:30,484 [WARN] PackLoader:240 - Cannot read IP mode file for STMicroelectronics.X-CUBE-ALGOBUILD.1.4.0
2024-09-24 15:47:30,498 [WARN] PackLoader:240 - Cannot read IP mode file for STMicroelectronics.X-CUBE-AZRTOS-F4.1.1.0
2024-09-24 15:47:30,505 [WARN] PackLoader:240 - Cannot read IP mode file for STMicroelectronics.X-CUBE-ISPU.2.1.0
2024-09-24 15:47:30,511 [WARN] PackLoader:240 - Cannot read IP mode file for STMicroelectronics.X-CUBE-FREERTOS.1.2.0
2024-09-24 15:47:30,525 [WARN] PackLoader:240 - Cannot read IP mode file for STMicroelectronics.X-CUBE-AZRTOS-L5.2.0.0
2024-09-24 15:47:30,536 [WARN] PackLoader:240 - Cannot read IP mode file for STMicroelectronics.X-CUBE-NFC6.3.1.0
2024-09-24 15:47:30,544 [WARN] PackLoader:240 - Cannot read IP mode file for STMicroelectronics.X-CUBE-DPower.1.2.0
2024-09-24 15:47:30,548 [WARN] PackLoader:240 - Cannot read IP mode file for STMicroelectronics.X-CUBE-AI.9.0.0
2024-09-24 15:47:30,555 [WARN] PackLoader:240 - Cannot read IP mode file for STMicroelectronics.X-CUBE-NFC7.1.0.1
2024-09-24 15:47:30,573 [WARN] ConditionMgr:438 - getConditionDescription Invalid condition id : LAN8742 Phy interface Condition cause : null
2024-09-24 15:47:30,574 [WARN] PackLoader:240 - Cannot read IP mode file for STMicroelectronics.X-CUBE-AZRTOS-L4.2.0.0
2024-09-24 15:47:30,575 [WARN] ConditionMgr:1039 - genDependencies : Invalid condition id : LAN8742 Phy interface Condition cause : null
2024-09-24 15:47:30,575 [WARN] ConditionMgr:1039 - genDependencies : Invalid condition id : LAN8742 Phy interface Condition cause : null
2024-09-24 15:47:30,576 [WARN] ConditionMgr:1039 - genDependencies : Invalid condition id : LAN8742 Phy interface Condition cause : null
2024-09-24 15:47:30,583 [WARN] PackLoader:240 - Cannot read IP mode file for STMicroelectronics.X-CUBE-SFXS2LP1.4.0.0
2024-09-24 15:47:30,602 [WARN] PackLoader:240 - Cannot read IP mode file for STMicroelectronics.X-CUBE-AZRTOS-H7.3.3.0
2024-09-24 15:47:30,615 [WARN] ConditionMgr:438 - getConditionDescription Invalid condition id : UX DEVICE CLASS RTOS Condition cause : null
2024-09-24 15:47:30,616 [WARN] ConditionMgr:438 - getConditionDescription Invalid condition id : UX DEVICE CLASS RTOS Condition cause : null
2024-09-24 15:47:30,618 [WARN] PackLoader:240 - Cannot read IP mode file for STMicroelectronics.X-CUBE-AZRTOS-WB.2.0.0
2024-09-24 15:47:30,619 [WARN] ConditionMgr:1039 - genDependencies : Invalid condition id : UX DEVICE CLASS RTOS Condition cause : null
2024-09-24 15:47:30,619 [WARN] ConditionMgr:1039 - genDependencies : Invalid condition id : UX DEVICE CLASS RTOS Condition cause : null
2024-09-24 15:47:30,620 [WARN] ConditionMgr:1039 - genDependencies : Invalid condition id : UX DEVICE CLASS RTOS Condition cause : null
2024-09-24 15:47:30,620 [WARN] ConditionMgr:1039 - genDependencies : Invalid condition id : UX DEVICE CLASS RTOS Condition cause : null
2024-09-24 15:47:30,621 [WARN] ConditionMgr:1039 - genDependencies : Invalid condition id : UX DEVICE CLASS RTOS Condition cause : null
2024-09-24 15:47:30,626 [WARN] PackLoader:240 - Cannot read IP mode file for STMicroelectronics.X-CUBE-GNSS1.7.0.0
2024-09-24 15:47:30,630 [WARN] PackLoader:240 - Cannot read IP mode file for STMicroelectronics.FP-SNS-STBOX1.2.0.0
2024-09-24 15:47:30,640 [WARN] PackLoader:240 - Cannot read IP mode file for STMicroelectronics.X-CUBE-SUBG2.5.0.0
2024-09-24 15:47:30,647 [WARN] PackLoader:240 - Cannot read IP mode file for Cesanta.I-CUBE-Mongoose.7.13.0
2024-09-24 15:47:30,659 [WARN] PackLoader:240 - Cannot read IP mode file for STMicroelectronics.X-CUBE-AZRTOS-G4.2.0.0
2024-09-24 15:47:30,663 [WARN] PackLoader:240 - Cannot read IP mode file for STMicroelectronics.X-CUBE-ALS.1.0.2
2024-09-24 15:47:30,666 [WARN] PackLoader:240 - Cannot read IP mode file for STMicroelectronics.X-CUBE-TOUCHGFX.4.24.0
2024-09-24 15:47:30,669 [WARN] PackLoader:240 - Cannot read IP mode file for STMicroelectronics.X-CUBE-TOUCHGFX.4.24.1
2024-09-24 15:47:30,671 [WARN] PackLoader:240 - Cannot read IP mode file for wolfSSL.I-CUBE-wolfTPM.3.4.0
2024-09-24 15:47:30,675 [WARN] PackLoader:240 - Cannot read IP mode file for portGmbH.I-Cube-SoM-uGOAL.1.1.0
2024-09-24 15:47:30,685 [WARN] PackLoader:240 - Cannot read IP mode file for STMicroelectronics.X-CUBE-AZRTOS-H7RS.1.0.0
2024-09-24 15:47:30,689 [WARN] PackLoader:240 - Cannot read IP mode file for STMicroelectronics.FP-ATR-ASTRA1.2.0.0
2024-09-24 15:47:30,695 [WARN] PackLoader:240 - Cannot read IP mode file for STMicroelectronics.X-CUBE-TOF1.3.4.2
2024-09-24 15:47:30,712 [WARN] PackLoader:240 - Cannot read IP mode file for Infineon.AIROC-Wi-Fi-Bluetooth-STM32.1.6.1
2024-09-24 15:47:30,720 [WARN] PackLoader:240 - Cannot read IP mode file for wolfSSL.I-CUBE-wolfSSH.1.4.17
2024-09-24 15:47:30,720 [INFO] ThirdParty:978 - Integrity check success = true
2024-09-24 15:47:30,721 [INFO] IntegrityCheckThread:100 - exiting critical section [integrity check]
2024-09-24 15:47:30,721 [INFO] IntegrityCheckThread:103 - End integrity checks thread
2024-09-24 16:02:25,498 [INFO] McuFinderGlobals:63 - Set McuFinder mode to 2 (CubeIDE integrated)
2024-09-24 16:02:25,501 [INFO] MainUpdater:2873 - connection check result : 10
2024-09-24 16:02:25,502 [INFO] MainUpdater:2873 - connection check result : 10
2024-09-24 16:02:25,543 [INFO] RulesReader:64 - Compatibility file has been processed (297 Rules)
2024-09-24 16:02:25,553 [INFO] RulesReader:64 - Compatibility file has been processed (297 Rules)
2024-09-24 16:02:25,556 [INFO] MicroXplorer:468 - Change Database Path : 
2024-09-24 16:02:25,557 [INFO] MicroXplorer:498 - Change Database Version : DB.6.0.121
2024-09-24 16:02:25,564 [WARN] ThirdParty:871 - waiting for thirdparty lock release [close project]
2024-09-24 16:02:25,564 [INFO] ThirdParty:873 - entering critical section [close project]
2024-09-24 16:02:25,565 [INFO] ThirdParty:883 - exiting critical section [close project]
2024-09-24 16:02:25,567 [INFO] PinOutPanel:1561 - setPackage(No Configuration,No Configuration)
2024-09-24 16:02:25,570 [INFO] UtilMem:75 - Begin LoadConfig() Used Memory: 621490464 Bytes (917504000)
2024-09-24 16:02:25,572 [INFO] MicroXplorer:468 - Change Database Path : 
2024-09-24 16:02:25,572 [INFO] MicroXplorer:498 - Change Database Version : DB.6.0.121
2024-09-24 16:02:25,572 [INFO] OpenFileManager:332 - Change cursor
2024-09-24 16:02:25,591 [INFO] Mcu:2032 - Initializing MCU STM32F103C(8-B)Tx STM32F103C8Tx STM32F103C8T6
2024-09-24 16:02:26,124 [INFO] Context:742 - Trying to add GPIOservice into a context  which must be forbidden
2024-09-24 16:02:26,406 [INFO] RtosManager:555 - Registered RTOS mode: class=CMSIS, group=RTOS, mode=CMSIS_V1, owner=FREERTOS
2024-09-24 16:02:26,406 [INFO] RtosManager:555 - Registered RTOS mode: class=CMSIS, group=RTOS2, mode=CMSIS_V2, owner=FREERTOS
2024-09-24 16:02:26,406 [INFO] RtosManager:555 - Registered RTOS mode: class=RTOS, group=Core, mode=CMSIS_V1, owner=FREERTOS
2024-09-24 16:02:26,406 [INFO] RtosManager:555 - Registered RTOS mode: class=RTOS, group=Core, mode=CMSIS_V2, owner=FREERTOS
2024-09-24 16:02:26,407 [WARN] ModelIntegratedComponent:184 - Missing modes for component STMicroelectronics:FreeRTOS:0.0.1:STMicroelectronics:RTOS:FreeRTOS:Core:::10.2.0:
2024-09-24 16:02:26,416 [WARN] ModelIntegratedComponent:63 - No mode defined for component null
2024-09-24 16:02:26,416 [WARN] ModelIntegratedComponent:63 - No mode defined for component null
2024-09-24 16:02:26,416 [WARN] ModelIntegratedComponent:63 - No mode defined for component null
2024-09-24 16:02:26,417 [WARN] ModelIntegratedComponent:63 - No mode defined for component null
2024-09-24 16:02:26,417 [WARN] ModelIntegratedComponent:63 - No mode defined for component null
2024-09-24 16:02:26,417 [WARN] ModelIntegratedComponent:63 - No mode defined for component null
2024-09-24 16:02:26,417 [WARN] ModelIntegratedComponent:63 - No mode defined for component null
2024-09-24 16:02:26,417 [WARN] ModelIntegratedComponent:63 - No mode defined for component null
2024-09-24 16:02:26,417 [WARN] ModelIntegratedComponent:63 - No mode defined for component null
2024-09-24 16:02:26,417 [WARN] ModelIntegratedComponent:63 - No mode defined for component null
2024-09-24 16:02:26,417 [WARN] ModelIntegratedComponent:63 - No mode defined for component null
2024-09-24 16:02:26,417 [WARN] ModelIntegratedComponent:63 - No mode defined for component null
2024-09-24 16:02:26,417 [WARN] ModelIntegratedComponent:63 - No mode defined for component null
2024-09-24 16:02:26,417 [WARN] ModelIntegratedComponent:63 - No mode defined for component null
2024-09-24 16:02:26,417 [WARN] ModelIntegratedComponent:63 - No mode defined for component null
2024-09-24 16:02:26,417 [WARN] ModelIntegratedComponent:63 - No mode defined for component null
2024-09-24 16:02:26,417 [WARN] ModelIntegratedComponent:63 - No mode defined for component null
2024-09-24 16:02:26,417 [WARN] ModelIntegratedComponent:63 - No mode defined for component null
2024-09-24 16:02:26,417 [WARN] ModelIntegratedComponent:63 - No mode defined for component null
2024-09-24 16:02:26,417 [WARN] ModelIntegratedComponent:63 - No mode defined for component null
2024-09-24 16:02:26,417 [WARN] ModelIntegratedComponent:63 - No mode defined for component null
2024-09-24 16:02:26,417 [WARN] ModelIntegratedComponent:63 - No mode defined for component null
2024-09-24 16:02:26,417 [WARN] ModelIntegratedComponent:63 - No mode defined for component null
2024-09-24 16:02:26,417 [WARN] ModelIntegratedComponent:63 - No mode defined for component null
2024-09-24 16:02:26,417 [WARN] ModelIntegratedComponent:63 - No mode defined for component null
2024-09-24 16:02:26,417 [WARN] ModelIntegratedComponent:63 - No mode defined for component null
2024-09-24 16:02:26,417 [WARN] ModelIntegratedComponent:63 - No mode defined for component null
2024-09-24 16:02:26,417 [WARN] ModelIntegratedComponent:63 - No mode defined for component null
2024-09-24 16:02:26,417 [WARN] ModelIntegratedComponent:63 - No mode defined for component null
2024-09-24 16:02:26,417 [WARN] ModelIntegratedComponent:63 - No mode defined for component null
2024-09-24 16:02:26,418 [WARN] ModelIntegratedComponent:63 - No mode defined for component null
2024-09-24 16:02:26,418 [WARN] ModelIntegratedComponent:63 - No mode defined for component null
2024-09-24 16:02:26,418 [WARN] ModelIntegratedComponent:63 - No mode defined for component null
2024-09-24 16:02:26,418 [WARN] ModelIntegratedComponent:63 - No mode defined for component null
2024-09-24 16:02:26,418 [WARN] ModelIntegratedComponent:63 - No mode defined for component null
2024-09-24 16:02:26,418 [WARN] ModelPack:524 - Component already loaded: STMicroelectronics:HAL Drivers:0.0.0:STMicroelectronics:Device:STMicro_Driver:XSPI:HAL::0.0.1:HAL_XSPI
2024-09-24 16:02:26,442 [INFO] ThirdPartyModel:298 - Start build external matchings
2024-09-24 16:02:26,620 [INFO] ThirdPartyModel:316 - End build external matchings
2024-09-24 16:02:26,633 [INFO] ImportTextPane:205 - (OptionalMessage_ERROR) IP (RCC) : Parameter (ADCFreqValue) has invalid value (32000000)
2024-09-24 16:02:26,633 [INFO] ImportTextPane:205 - (OptionalMessage_ERROR) IP (RCC) : Invalid parameter (FamilyName)
2024-09-24 16:02:26,633 [INFO] ImportTextPane:205 - (OptionalMessage_ERROR) IP (RCC) : Parameter (MCOFreq_Value) has invalid value (64000000)
2024-09-24 16:02:26,634 [INFO] ImportTextPane:205 - (OptionalMessage_ERROR) IP (RCC) : Parameter (USBFreq_Value) has invalid value (64000000)
2024-09-24 16:02:26,887 [INFO] ApiDb:581 - Connected to CubeFinder SQLite database (C:\Users\Lenovo\.stmcufinder\plugins\mcufinder\mcu\cube-finder-db.db)
2024-09-24 16:02:26,925 [INFO] ApiDb:668 - CubeFinder database Data Model version=2.1
2024-09-24 16:02:26,925 [INFO] ApiDb:669 - CubeFinder database Configuration version=3.0.39
2024-09-24 16:02:26,925 [INFO] ApiDb:670 - CubeFinder database generation date=2024-09-16 (1726485674)
2024-09-24 16:02:26,925 [INFO] ApiDb:671 - CubeFinder database FW Pack versions=[FP-ATR-ASTRA1_V2.0.0, FP-SNS-FLIGHT1_V5.0.2, FP-SNS-MOTENV1_V5.0.0, FP-SNS-MOTENVWB1_V1.4.0, FP-SNS-SMARTAG2_V1.2.0, FP-SNS-STBOX1_V2.0.0, STM32Cube_FW_C0_V1.2.0, STM32Cube_FW_F4_V1.28.1, STM32Cube_FW_F7_V1.17.2, STM32Cube_FW_G0_V1.6.2, STM32Cube_FW_G4_V1.6.0, STM32Cube_FW_H5_V1.3.0, STM32Cube_FW_H7RS_V1.1.0, STM32Cube_FW_H7_V1.11.2, STM32Cube_FW_L0_V1.12.2, STM32Cube_FW_L5_V1.5.1, STM32Cube_FW_U0_V1.1.0, STM32Cube_FW_U5_V1.6.0, STM32Cube_FW_WB0_V1.0.0, STM32Cube_FW_WBA_V1.4.1, STM32Cube_FW_WB_V1.20.0, STM32Cube_FW_WL_V1.3.0, X-CUBE-ALGOBUILD_V1.4.0, X-CUBE-ALS_V1.0.2, X-CUBE-AZRTOS-F4_V1.1.0, X-CUBE-AZRTOS-F7_V1.1.0, X-CUBE-AZRTOS-G0_V1.1.0, X-CUBE-AZRTOS-G4_V2.0.0, X-CUBE-AZRTOS-H7RS_V1.0.0, X-CUBE-AZRTOS-H7_V3.2.0, X-CUBE-AZRTOS-L4_V2.0.0, X-CUBE-AZRTOS-L5_V2.0.0, X-CUBE-AZRTOS-WB_V2.0.0, X-CUBE-AZRTOS-WL_V2.0.0, X-CUBE-BLE1_V7.0.0, X-CUBE-BLE2_V3.3.0, X-CUBE-BLEMGR_V3.1.0, X-CUBE-EEPRMA1_V5.1.0, X-CUBE-FREERTOS_V1.2.0, X-CUBE-GNSS1_V6.0.0, X-CUBE-MEMS1_V11.0.0, X-CUBE-NFC4_V3.0.0, X-CUBE-NFC7_V1.0.1, X-CUBE-SFXS2LP1_V4.0.0, X-CUBE-SUBG2_V5.0.0, X-CUBE-TOF1_V3.4.2]
2024-09-24 16:02:26,972 [INFO] DbBoardsSqlite:226 - include board P-NUCLEO-WB55-NUCLEO as a kit item of type 'Nucleo-64'
2024-09-24 16:02:26,972 [INFO] DbBoardsSqlite:226 - include board P-NUCLEO-WB55-USBDONGLE as a kit item of type 'Nucleo USB Dongle'
2024-09-24 16:02:26,972 [INFO] DbBoardsSqlite:226 - include board STEVAL-IDP005V1 as a kit item of type 'Evaluation Board'
2024-09-24 16:02:26,972 [INFO] DbBoardsSqlite:226 - include board STEVAL-IDP005V2 as a kit item of type 'Evaluation Board'
2024-09-24 16:02:27,002 [INFO] ApiDb:240 - Found 646 in-development CPN: [B-G473E-ZEST1S, B-WB1M-WPAN1, B-WL5M-SUBG1, NUCLEO-C031C6, NUCLEO-C071RB, NUCLEO-H503RB, NUCLEO-H533RE, NUCLEO-H563ZI, NUCLEO-H7S3L8, NUCLEO-U031R8, NUCLEO-U083RC, NUCLEO-U545RE-Q, NUCLEO-U5A5ZJ-Q, NUCLEO-WB05KZ, NUCLEO-WB07CC, NUCLEO-WB09KE, NUCLEO-WBA52CG, NUCLEO-WBA55CG, STEVAL-PROTEUS1, STEVAL-SMARTAG2, STEVAL-STWINBX1, STM320518-EVAL, STM32C0116-DK, STM32C011D6Y3TR, STM32C011D6Y6TR, STM32C011F4P3, STM32C011F4P6, STM32C011F4U3, STM32C011F4U6TR, STM32C011F6P3, STM32C011F6P6, STM32C011F6U3, STM32C011F6U6TR, STM32C011J4M3, STM32C011J4M6, STM32C011J6M3, STM32C011J6M6, STM32C0316-DK, STM32C031C4T3, STM32C031C4T6, STM32C031C4U3, STM32C031C4U6, STM32C031C6T3, STM32C031C6T6, STM32C031C6U3, STM32C031C6U6, STM32C031F4P3, STM32C031F4P6, STM32C031F6P3, STM32C031F6P6, STM32C031G4U3, STM32C031G4U6, STM32C031G6U3, STM32C031G6U6, STM32C031K4T3, STM32C031K4T6, STM32C031K4U3, STM32C031K4U6, STM32C031K6T3, STM32C031K6T6, STM32C031K6U3, STM32C031K6U6, STM32C071C8T6, STM32C071C8T6N, STM32C071C8U6, STM32C071C8U6N, STM32C071CBT6, STM32C071CBT6N, STM32C071CBU6, STM32C071CBU6N, STM32C071F8P6, STM32C071F8P6N, STM32C071FBP6, STM32C071FBP6N, STM32C071FBY6TR, STM32C071G8U6, STM32C071G8U6N, STM32C071GBU6, STM32C071GBU6N, STM32C071K8T6, STM32C071K8T6N, STM32C071K8U6, STM32C071K8U6N, STM32C071KBT6, STM32C071KBT6N, STM32C071KBU6, STM32C071KBU6N, STM32C071R8T6, STM32C071R8T6N, STM32C071RBI6N, STM32C071RBT6, STM32C071RBT6N, STM32G071K8TXN, STM32G071K8UXN, STM32G081GBU6N, STM32G081KBT6N, STM32G081KBUXN, STM32G0B1CCT6N, STM32G0B1KCT6, STM32G0B1NEY6TR, STM32G0B1RCT6N, STM32G0C1CCT6, STM32G0C1CCT6N, STM32G0C1CCU6N, STM32G0C1CET6N, STM32G0C1CEU6N, STM32G0C1KCT6, STM32G0C1NEY6TR, STM32G0C1RCI6N, STM32G0C1RCT6N, STM32G0C1REI6N, STM32G0C1RET6N, STM32G0C1VCI6, STM32G0C1VEI6, STM32G411C6T3, STM32G411C6T6, STM32G411C6U3, STM32G411C6U6, STM32G411C8T3, STM32G411C8T6, STM32G411C8U3, STM32G411C8U6, STM32G411CBT3, STM32G411CBT6, STM32G411CBU3, STM32G411CBU6, STM32G411K6T3, STM32G411K6T6, STM32G411K6U3, STM32G411K6U6, STM32G411K8T3, STM32G411K8T6, STM32G411K8U3, STM32G411K8U6, STM32G411KBT3, STM32G411KBT6, STM32G411KBU3, STM32G411KBU6, STM32G411M6T3, STM32G411M6T6, STM32G411M8T3, STM32G411M8T6, STM32G411MBT3, STM32G411MBT6, STM32G411R6T3, STM32G411R6T6, STM32G411R8T3, STM32G411R8T6, STM32G411RBT3, STM32G411RBT6, STM32G414CBT3, STM32G414CBT6, STM32G414CBU3, STM32G414CBU6, STM32G414CCT3, STM32G414CCT6, STM32G414CCU3, STM32G414CCU6, STM32G414MBT3, STM32G414MBT6, STM32G414MCT3, STM32G414MCT6, STM32G414RBT3, STM32G414RBT6, STM32G414RCT3, STM32G414RCT6, STM32G414VBT3, STM32G414VBT6, STM32G414VCT3, STM32G414VCT6, STM32G431CBT3Z, STM32G431RBT3Z, STM32G471CCT6, STM32G471CCU6, STM32G471CET3, STM32G471CET6, STM32G471CEU3, STM32G471CEU6, STM32G471MCT6, STM32G471MET3, STM32G471MET6, STM32G471MEY6TR, STM32G471QCT6, STM32G471QET3, STM32G471RCT6, STM32G471RET3, STM32G471RET6, STM32G471VCH6, STM32G471VCI6, STM32G471VCT6, STM32G471VEH3, STM32G471VEH6, STM32G471VEI3, STM32G471VEI6, STM32G471VET3, STM32G471VET6, STM32G473QET3Z, STM32G473RET3Z, STM32G474CCT6, STM32G491RET3Z, STM32H503CBT6, STM32H503CBU6, STM32H503EBY6TR, STM32H503KBU6, STM32H503RBT6, STM32H523CCT6, STM32H523CCU6, STM32H523CET6, STM32H523CEU6, STM32H523HEY6TR, STM32H523RCT6, STM32H523RET6, STM32H523VCI6, STM32H523VCT6, STM32H523VEI6, STM32H523VET6, STM32H523ZCJ6, STM32H523ZCT6, STM32H523ZEJ6, STM32H523ZET6, STM32H533CET6, STM32H533CEU6, STM32H533HEY6TR, STM32H533RET6, STM32H533VEI6, STM32H533VET6, STM32H533ZEJ6, STM32H533ZET6, STM32H562AGI6, STM32H562AII6, STM32H562IGK6, STM32H562IGT6, STM32H562IIK6, STM32H562IIT6, STM32H562RGT6, STM32H562RGV6, STM32H562RIT6, STM32H562RIV6, STM32H562VGT6, STM32H562VIT6, STM32H562ZGT6, STM32H562ZIT6, STM32H563AGI6, STM32H563AII3Q, STM32H563AII6, STM32H563IGK6, STM32H563IGT6, STM32H563IIK3Q, STM32H563IIK6, STM32H563IIT3Q, STM32H563IIT6, STM32H563MIY3QTR, STM32H563RGT6, STM32H563RGV6, STM32H563RIT6, STM32H563RIV6, STM32H563VGT6, STM32H563VIT3Q, STM32H563VIT6, STM32H563ZGT6, STM32H563ZIT3Q, STM32H563ZIT6, STM32H573AII3Q, STM32H573AII6, STM32H573I-DK, STM32H573IIK3Q, STM32H573IIK6, STM32H573IIT3Q, STM32H573IIT6, STM32H573MIY3QTR, STM32H573RIT6, STM32H573RIV6, STM32H573VIT3Q, STM32H573VIT6, STM32H573ZIT3Q, STM32H573ZIT6, STM32H7R3A8I6, STM32H7R3I8K6, STM32H7R3I8T6, STM32H7R3L8H6, STM32H7R3L8H6H, STM32H7R3R8V6, STM32H7R3V8H6, STM32H7R3V8T6, STM32H7R3V8Y6TR, STM32H7R3Z8J6, STM32H7R3Z8T6, STM32H7R7A8I6, STM32H7R7I8K6, STM32H7R7I8T6, STM32H7R7L8H6, STM32H7R7L8H6H, STM32H7R7Z8J6, STM32H7S3A8I6, STM32H7S3I8K6, STM32H7S3I8T6, STM32H7S3L8H6, STM32H7S3L8H6H, STM32H7S3R8V6, STM32H7S3V8H6, STM32H7S3V8T6, STM32H7S3V8Y6TR, STM32H7S3Z8J6, STM32H7S3Z8T6, STM32H7S78-DK, STM32H7S7A8I6, STM32H7S7I8K6, STM32H7S7I8T6, STM32H7S7L8H6, STM32H7S7L8H6H, STM32H7S7Z8J6, STM32L4R5QGI6STR, STM32MP131AAE3, STM32MP131AAF3, STM32MP131AAG3, STM32MP131CAE3, STM32MP131CAF3, STM32MP131CAG3, STM32MP131DAE7, STM32MP131DAF7, STM32MP131DAG7, STM32MP131FAE7, STM32MP131FAF7, STM32MP131FAG7, STM32MP133AAE3, STM32MP133AAF3, STM32MP133AAG3, STM32MP133CAE3, STM32MP133CAF3, STM32MP133CAG3, STM32MP133DAE7, STM32MP133DAF7, STM32MP133DAG7, STM32MP133FAE7, STM32MP133FAF7, STM32MP133FAG7, STM32MP135AAE3, STM32MP135AAF3, STM32MP135AAG3, STM32MP135CAE3, STM32MP135CAF3, STM32MP135CAG3, STM32MP135DAE7, STM32MP135DAF7, STM32MP135DAG7, STM32MP135F-DK, STM32MP135FAE7, STM32MP135FAF7, STM32MP135FAF7T, STM32MP135FAF7U, STM32MP135FAG7, STM32MP251AAI3, STM32MP251AAK3, STM32MP251AAL3, STM32MP251CAI3, STM32MP251CAK3, STM32MP251CAL3, STM32MP251DAI3, STM32MP251DAK3, STM32MP251DAL3, STM32MP251FAI3, STM32MP251FAK3, STM32MP251FAL3, STM32MP253AAI3, STM32MP253AAK3, STM32MP253AAL3, STM32MP253CAI3, STM32MP253CAK3, STM32MP253CAL3, STM32MP253DAI3, STM32MP253DAK3, STM32MP253DAL3, STM32MP253FAI3, STM32MP253FAK3, STM32MP253FAL3, STM32MP255AAI3, STM32MP255AAK3, STM32MP255AAL3, STM32MP255CAI3, STM32MP255CAK3, STM32MP255CAL3, STM32MP255DAI3, STM32MP255DAK3, STM32MP255DAL3, STM32MP255FAI3, STM32MP255FAK3, STM32MP255FAL3, STM32MP257AAI3, STM32MP257AAK3, STM32MP257AAL3, STM32MP257CAI3, STM32MP257CAK3, STM32MP257CAL3, STM32MP257DAI3, STM32MP257DAK3, STM32MP257DAL3, STM32MP257F-DK, STM32MP257F-EV1, STM32MP257FAI3, STM32MP257FAK3, STM32MP257FAL3, STM32U031C6T6, STM32U031C6U6, STM32U031C8T6, STM32U031C8U6, STM32U031F4P6, STM32U031F6P6, STM32U031F8P6, STM32U031G6Y6TR, STM32U031G8Y6TR, STM32U031K4U6, STM32U031K6U6, STM32U031K8U6, STM32U031R6I6, STM32U031R6T6, STM32U031R8I6, STM32U031R8T6, STM32U073C8T6, STM32U073C8U6, STM32U073CBT6, STM32U073CBU6, STM32U073CCT6, STM32U073CCU6, STM32U073H8Y6TR, STM32U073HBY6TR, STM32U073HCY6TR, STM32U073K8U6, STM32U073KBU6, STM32U073KCU6, STM32U073M8I6, STM32U073M8T6, STM32U073MBI6, STM32U073MBT6, STM32U073MCI6, STM32U073MCT6, STM32U073R8I6, STM32U073R8T6, STM32U073RBI6, STM32U073RBT6, STM32U073RCI6, STM32U073RCT6, STM32U083C-DK, STM32U083CCT6, STM32U083CCU6, STM32U083HCY6TR, STM32U083KCU6, STM32U083MCI6, STM32U083MCT6, STM32U083RCI6, STM32U083RCT6, STM32U535CBT6, STM32U535CBT6Q, STM32U535CBU6, STM32U535CBU6Q, STM32U535CCT6, STM32U535CCT6Q, STM32U535CCU6, STM32U535CCU6Q, STM32U535CET6, STM32U535CET6Q, STM32U535CEU6, STM32U535CEU6Q, STM32U535JEY6QTR, STM32U535NCY6QTR, STM32U535NEY6QTR, STM32U535RBI6, STM32U535RBI6Q, STM32U535RBT6, STM32U535RBT6Q, STM32U535RCI6, STM32U535RCI6Q, STM32U535RCT6, STM32U535RCT6Q, STM32U535REI6, STM32U535REI6Q, STM32U535RET6, STM32U535RET6Q, STM32U535VCI6, STM32U535VCI6Q, STM32U535VCT6, STM32U535VCT6Q, STM32U535VEI6, STM32U535VEI6Q, STM32U535VET6, STM32U535VET6Q, STM32U545CET6, STM32U545CET6Q, STM32U545CEU6, STM32U545CEU6Q, STM32U545JEY6QTR, STM32U545NEY6QTR, STM32U545REI6, STM32U545REI6Q, STM32U545RET6, STM32U545RET6Q, STM32U545VEI6, STM32U545VEI6Q, STM32U545VET6, STM32U545VET6Q, STM32U595AIH6, STM32U595AIH6Q, STM32U595AJH6, STM32U595AJH6Q, STM32U595QII6, STM32U595QII6Q, STM32U595QJI6, STM32U595QJI6Q, STM32U595RIT6, STM32U595RIT6Q, STM32U595RJT6, STM32U595RJT6Q, STM32U595VIT6, STM32U595VIT6Q, STM32U595VJT6, STM32U595VJT6Q, STM32U595ZIT6, STM32U595ZIT6Q, STM32U595ZIY6QTR, STM32U595ZJT6, STM32U595ZJT6Q, STM32U595ZJY6QTR, STM32U599BJY6QTR, STM32U599NIH6Q, STM32U599NJH6Q, STM32U599VIT6Q, STM32U599VJT6, STM32U599VJT6Q, STM32U599ZIT6Q, STM32U599ZIY6QTR, STM32U599ZJT6Q, STM32U599ZJY6QTR, STM32U5A5AJH6, STM32U5A5AJH6Q, STM32U5A5QII3Q , STM32U5A5QJI6, STM32U5A5QJI6Q, STM32U5A5RJT6, STM32U5A5RJT6Q, STM32U5A5VJT6, STM32U5A5VJT6Q, STM32U5A5ZJT6, STM32U5A5ZJT6Q, STM32U5A5ZJY6QTR, STM32U5A9BJY6QTR, STM32U5A9J-DK, STM32U5A9NJH6Q, STM32U5A9VJT6Q, STM32U5A9ZJT6Q, STM32U5A9ZJY6QTR, STM32U5F7VIT6, STM32U5F7VIT6Q, STM32U5F7VJT6, STM32U5F7VJT6Q, STM32U5F9BJY6QTR, STM32U5F9NJH6Q, STM32U5F9VIT6Q, STM32U5F9VJT6Q, STM32U5F9ZIJ6QTR, STM32U5F9ZIT6Q, STM32U5F9ZJJ6QTR, STM32U5F9ZJT6Q, STM32U5G7VJT6, STM32U5G7VJT6Q, STM32U5G9BJY6QTR, STM32U5G9J-DK1, STM32U5G9J-DK2, STM32U5G9NJH6Q, STM32U5G9VJT6Q, STM32U5G9ZJJ6QTR, STM32U5G9ZJT6Q, STM32WB05KZV6TR, STM32WB05KZV7TR, STM32WB05TZF6TR, STM32WB05TZF7TR, STM32WB06CCF6TR, STM32WB06CCF7TR, STM32WB06CCV6TR, STM32WB06CCV7TR, STM32WB06KCV6TR, STM32WB06KCV7TR, STM32WB07CCF6TR, STM32WB07CCF7TR, STM32WB07CCV6TR, STM32WB07CCV7TR, STM32WB07KCV6TR, STM32WB07KCV7TR, STM32WB09KEV6TR, STM32WB09KEV7TR, STM32WB09TEF6TR, STM32WB09TEF7TR, STM32WB1MMCH6, STM32WBA50KGU6, STM32WBA50KGU6TR, STM32WBA52CEU6, STM32WBA52CEU6TR, STM32WBA52CEU7, STM32WBA52CEU7TR, STM32WBA52CGU6, STM32WBA52CGU6TR, STM32WBA52CGU6U, STM32WBA52CGU7, STM32WBA52CGU7TR, STM32WBA52KEU6, STM32WBA52KEU6TR, STM32WBA52KGU6, STM32WBA52KGU6TR, STM32WBA54CEU6, STM32WBA54CEU6TR, STM32WBA54CEU7, STM32WBA54CEU7TR, STM32WBA54CGU6, STM32WBA54CGU6TR, STM32WBA54CGU7, STM32WBA54CGU7TR, STM32WBA54KEU6, STM32WBA54KEU6TR, STM32WBA54KEU7, STM32WBA54KEU7TR, STM32WBA54KGU6, STM32WBA54KGU6TR, STM32WBA54KGU7, STM32WBA54KGU7TR, STM32WBA55CEU6, STM32WBA55CEU6TR, STM32WBA55CEU7, STM32WBA55CEU7TR, STM32WBA55CGU6, STM32WBA55CGU6TR, STM32WBA55CGU6U, STM32WBA55CGU7, STM32WBA55CGU7TR, STM32WBA55G-DK1, STM32WBA55HEF6, STM32WBA55HEF7, STM32WBA55HGF6, STM32WBA55HGF7, STM32WBA55UEI6, STM32WBA55UEI6TR, STM32WBA55UEI7, STM32WBA55UEI7TR, STM32WBA55UGI6, STM32WBA55UGI6TR, STM32WBA55UGI7, STM32WBA55UGI7TR, STM32WL5MOCH6, STM32WL5MOCH6TR]
2024-09-24 16:02:27,158 [INFO] BoardInfo:889 - No configuration file found for board P-NUCLEO-WB55
2024-09-24 16:02:27,159 [INFO] DbBoards:161 - Kit is not supported: P-NUCLEO-WB55
2024-09-24 16:02:27,163 [INFO] BoardInfo:889 - No configuration file found for board STEVAL-BFA001V1B
2024-09-24 16:02:27,163 [INFO] DbBoards:161 - Kit is not supported: STEVAL-BFA001V1B
2024-09-24 16:02:27,164 [INFO] BoardInfo:889 - No configuration file found for board STEVAL-BFA001V2B
2024-09-24 16:02:27,164 [INFO] DbBoards:161 - Kit is not supported: STEVAL-BFA001V2B
2024-09-24 16:02:27,269 [INFO] DbBoards:168 - Found 201 boards, 198 are supported
2024-09-24 16:02:27,269 [INFO] DbBoards:169 - Found 201 boards, 25 of them is supported for  Bsp
2024-09-24 16:02:27,271 [INFO] ApiDb:668 - CubeFinder database Data Model version=2.1
2024-09-24 16:02:27,271 [INFO] ApiDb:669 - CubeFinder database Configuration version=3.0.39
2024-09-24 16:02:27,271 [INFO] ApiDb:670 - CubeFinder database generation date=2024-09-16 (1726485674)
2024-09-24 16:02:27,271 [INFO] ApiDb:671 - CubeFinder database FW Pack versions=[FP-ATR-ASTRA1_V2.0.0, FP-SNS-FLIGHT1_V5.0.2, FP-SNS-MOTENV1_V5.0.0, FP-SNS-MOTENVWB1_V1.4.0, FP-SNS-SMARTAG2_V1.2.0, FP-SNS-STBOX1_V2.0.0, STM32Cube_FW_C0_V1.2.0, STM32Cube_FW_F4_V1.28.1, STM32Cube_FW_F7_V1.17.2, STM32Cube_FW_G0_V1.6.2, STM32Cube_FW_G4_V1.6.0, STM32Cube_FW_H5_V1.3.0, STM32Cube_FW_H7RS_V1.1.0, STM32Cube_FW_H7_V1.11.2, STM32Cube_FW_L0_V1.12.2, STM32Cube_FW_L5_V1.5.1, STM32Cube_FW_U0_V1.1.0, STM32Cube_FW_U5_V1.6.0, STM32Cube_FW_WB0_V1.0.0, STM32Cube_FW_WBA_V1.4.1, STM32Cube_FW_WB_V1.20.0, STM32Cube_FW_WL_V1.3.0, X-CUBE-ALGOBUILD_V1.4.0, X-CUBE-ALS_V1.0.2, X-CUBE-AZRTOS-F4_V1.1.0, X-CUBE-AZRTOS-F7_V1.1.0, X-CUBE-AZRTOS-G0_V1.1.0, X-CUBE-AZRTOS-G4_V2.0.0, X-CUBE-AZRTOS-H7RS_V1.0.0, X-CUBE-AZRTOS-H7_V3.2.0, X-CUBE-AZRTOS-L4_V2.0.0, X-CUBE-AZRTOS-L5_V2.0.0, X-CUBE-AZRTOS-WB_V2.0.0, X-CUBE-AZRTOS-WL_V2.0.0, X-CUBE-BLE1_V7.0.0, X-CUBE-BLE2_V3.3.0, X-CUBE-BLEMGR_V3.1.0, X-CUBE-EEPRMA1_V5.1.0, X-CUBE-FREERTOS_V1.2.0, X-CUBE-GNSS1_V6.0.0, X-CUBE-MEMS1_V11.0.0, X-CUBE-NFC4_V3.0.0, X-CUBE-NFC7_V1.0.1, X-CUBE-SFXS2LP1_V4.0.0, X-CUBE-SUBG2_V5.0.0, X-CUBE-TOF1_V3.4.2]
2024-09-24 16:02:28,540 [INFO] ApiDb:240 - Found 646 in-development CPN: [B-G473E-ZEST1S, B-WB1M-WPAN1, B-WL5M-SUBG1, NUCLEO-C031C6, NUCLEO-C071RB, NUCLEO-H503RB, NUCLEO-H533RE, NUCLEO-H563ZI, NUCLEO-H7S3L8, NUCLEO-U031R8, NUCLEO-U083RC, NUCLEO-U545RE-Q, NUCLEO-U5A5ZJ-Q, NUCLEO-WB05KZ, NUCLEO-WB07CC, NUCLEO-WB09KE, NUCLEO-WBA52CG, NUCLEO-WBA55CG, STEVAL-PROTEUS1, STEVAL-SMARTAG2, STEVAL-STWINBX1, STM320518-EVAL, STM32C0116-DK, STM32C011D6Y3TR, STM32C011D6Y6TR, STM32C011F4P3, STM32C011F4P6, STM32C011F4U3, STM32C011F4U6TR, STM32C011F6P3, STM32C011F6P6, STM32C011F6U3, STM32C011F6U6TR, STM32C011J4M3, STM32C011J4M6, STM32C011J6M3, STM32C011J6M6, STM32C0316-DK, STM32C031C4T3, STM32C031C4T6, STM32C031C4U3, STM32C031C4U6, STM32C031C6T3, STM32C031C6T6, STM32C031C6U3, STM32C031C6U6, STM32C031F4P3, STM32C031F4P6, STM32C031F6P3, STM32C031F6P6, STM32C031G4U3, STM32C031G4U6, STM32C031G6U3, STM32C031G6U6, STM32C031K4T3, STM32C031K4T6, STM32C031K4U3, STM32C031K4U6, STM32C031K6T3, STM32C031K6T6, STM32C031K6U3, STM32C031K6U6, STM32C071C8T6, STM32C071C8T6N, STM32C071C8U6, STM32C071C8U6N, STM32C071CBT6, STM32C071CBT6N, STM32C071CBU6, STM32C071CBU6N, STM32C071F8P6, STM32C071F8P6N, STM32C071FBP6, STM32C071FBP6N, STM32C071FBY6TR, STM32C071G8U6, STM32C071G8U6N, STM32C071GBU6, STM32C071GBU6N, STM32C071K8T6, STM32C071K8T6N, STM32C071K8U6, STM32C071K8U6N, STM32C071KBT6, STM32C071KBT6N, STM32C071KBU6, STM32C071KBU6N, STM32C071R8T6, STM32C071R8T6N, STM32C071RBI6N, STM32C071RBT6, STM32C071RBT6N, STM32G071K8TXN, STM32G071K8UXN, STM32G081GBU6N, STM32G081KBT6N, STM32G081KBUXN, STM32G0B1CCT6N, STM32G0B1KCT6, STM32G0B1NEY6TR, STM32G0B1RCT6N, STM32G0C1CCT6, STM32G0C1CCT6N, STM32G0C1CCU6N, STM32G0C1CET6N, STM32G0C1CEU6N, STM32G0C1KCT6, STM32G0C1NEY6TR, STM32G0C1RCI6N, STM32G0C1RCT6N, STM32G0C1REI6N, STM32G0C1RET6N, STM32G0C1VCI6, STM32G0C1VEI6, STM32G411C6T3, STM32G411C6T6, STM32G411C6U3, STM32G411C6U6, STM32G411C8T3, STM32G411C8T6, STM32G411C8U3, STM32G411C8U6, STM32G411CBT3, STM32G411CBT6, STM32G411CBU3, STM32G411CBU6, STM32G411K6T3, STM32G411K6T6, STM32G411K6U3, STM32G411K6U6, STM32G411K8T3, STM32G411K8T6, STM32G411K8U3, STM32G411K8U6, STM32G411KBT3, STM32G411KBT6, STM32G411KBU3, STM32G411KBU6, STM32G411M6T3, STM32G411M6T6, STM32G411M8T3, STM32G411M8T6, STM32G411MBT3, STM32G411MBT6, STM32G411R6T3, STM32G411R6T6, STM32G411R8T3, STM32G411R8T6, STM32G411RBT3, STM32G411RBT6, STM32G414CBT3, STM32G414CBT6, STM32G414CBU3, STM32G414CBU6, STM32G414CCT3, STM32G414CCT6, STM32G414CCU3, STM32G414CCU6, STM32G414MBT3, STM32G414MBT6, STM32G414MCT3, STM32G414MCT6, STM32G414RBT3, STM32G414RBT6, STM32G414RCT3, STM32G414RCT6, STM32G414VBT3, STM32G414VBT6, STM32G414VCT3, STM32G414VCT6, STM32G431CBT3Z, STM32G431RBT3Z, STM32G471CCT6, STM32G471CCU6, STM32G471CET3, STM32G471CET6, STM32G471CEU3, STM32G471CEU6, STM32G471MCT6, STM32G471MET3, STM32G471MET6, STM32G471MEY6TR, STM32G471QCT6, STM32G471QET3, STM32G471RCT6, STM32G471RET3, STM32G471RET6, STM32G471VCH6, STM32G471VCI6, STM32G471VCT6, STM32G471VEH3, STM32G471VEH6, STM32G471VEI3, STM32G471VEI6, STM32G471VET3, STM32G471VET6, STM32G473QET3Z, STM32G473RET3Z, STM32G474CCT6, STM32G491RET3Z, STM32H503CBT6, STM32H503CBU6, STM32H503EBY6TR, STM32H503KBU6, STM32H503RBT6, STM32H523CCT6, STM32H523CCU6, STM32H523CET6, STM32H523CEU6, STM32H523HEY6TR, STM32H523RCT6, STM32H523RET6, STM32H523VCI6, STM32H523VCT6, STM32H523VEI6, STM32H523VET6, STM32H523ZCJ6, STM32H523ZCT6, STM32H523ZEJ6, STM32H523ZET6, STM32H533CET6, STM32H533CEU6, STM32H533HEY6TR, STM32H533RET6, STM32H533VEI6, STM32H533VET6, STM32H533ZEJ6, STM32H533ZET6, STM32H562AGI6, STM32H562AII6, STM32H562IGK6, STM32H562IGT6, STM32H562IIK6, STM32H562IIT6, STM32H562RGT6, STM32H562RGV6, STM32H562RIT6, STM32H562RIV6, STM32H562VGT6, STM32H562VIT6, STM32H562ZGT6, STM32H562ZIT6, STM32H563AGI6, STM32H563AII3Q, STM32H563AII6, STM32H563IGK6, STM32H563IGT6, STM32H563IIK3Q, STM32H563IIK6, STM32H563IIT3Q, STM32H563IIT6, STM32H563MIY3QTR, STM32H563RGT6, STM32H563RGV6, STM32H563RIT6, STM32H563RIV6, STM32H563VGT6, STM32H563VIT3Q, STM32H563VIT6, STM32H563ZGT6, STM32H563ZIT3Q, STM32H563ZIT6, STM32H573AII3Q, STM32H573AII6, STM32H573I-DK, STM32H573IIK3Q, STM32H573IIK6, STM32H573IIT3Q, STM32H573IIT6, STM32H573MIY3QTR, STM32H573RIT6, STM32H573RIV6, STM32H573VIT3Q, STM32H573VIT6, STM32H573ZIT3Q, STM32H573ZIT6, STM32H7R3A8I6, STM32H7R3I8K6, STM32H7R3I8T6, STM32H7R3L8H6, STM32H7R3L8H6H, STM32H7R3R8V6, STM32H7R3V8H6, STM32H7R3V8T6, STM32H7R3V8Y6TR, STM32H7R3Z8J6, STM32H7R3Z8T6, STM32H7R7A8I6, STM32H7R7I8K6, STM32H7R7I8T6, STM32H7R7L8H6, STM32H7R7L8H6H, STM32H7R7Z8J6, STM32H7S3A8I6, STM32H7S3I8K6, STM32H7S3I8T6, STM32H7S3L8H6, STM32H7S3L8H6H, STM32H7S3R8V6, STM32H7S3V8H6, STM32H7S3V8T6, STM32H7S3V8Y6TR, STM32H7S3Z8J6, STM32H7S3Z8T6, STM32H7S78-DK, STM32H7S7A8I6, STM32H7S7I8K6, STM32H7S7I8T6, STM32H7S7L8H6, STM32H7S7L8H6H, STM32H7S7Z8J6, STM32L4R5QGI6STR, STM32MP131AAE3, STM32MP131AAF3, STM32MP131AAG3, STM32MP131CAE3, STM32MP131CAF3, STM32MP131CAG3, STM32MP131DAE7, STM32MP131DAF7, STM32MP131DAG7, STM32MP131FAE7, STM32MP131FAF7, STM32MP131FAG7, STM32MP133AAE3, STM32MP133AAF3, STM32MP133AAG3, STM32MP133CAE3, STM32MP133CAF3, STM32MP133CAG3, STM32MP133DAE7, STM32MP133DAF7, STM32MP133DAG7, STM32MP133FAE7, STM32MP133FAF7, STM32MP133FAG7, STM32MP135AAE3, STM32MP135AAF3, STM32MP135AAG3, STM32MP135CAE3, STM32MP135CAF3, STM32MP135CAG3, STM32MP135DAE7, STM32MP135DAF7, STM32MP135DAG7, STM32MP135F-DK, STM32MP135FAE7, STM32MP135FAF7, STM32MP135FAF7T, STM32MP135FAF7U, STM32MP135FAG7, STM32MP251AAI3, STM32MP251AAK3, STM32MP251AAL3, STM32MP251CAI3, STM32MP251CAK3, STM32MP251CAL3, STM32MP251DAI3, STM32MP251DAK3, STM32MP251DAL3, STM32MP251FAI3, STM32MP251FAK3, STM32MP251FAL3, STM32MP253AAI3, STM32MP253AAK3, STM32MP253AAL3, STM32MP253CAI3, STM32MP253CAK3, STM32MP253CAL3, STM32MP253DAI3, STM32MP253DAK3, STM32MP253DAL3, STM32MP253FAI3, STM32MP253FAK3, STM32MP253FAL3, STM32MP255AAI3, STM32MP255AAK3, STM32MP255AAL3, STM32MP255CAI3, STM32MP255CAK3, STM32MP255CAL3, STM32MP255DAI3, STM32MP255DAK3, STM32MP255DAL3, STM32MP255FAI3, STM32MP255FAK3, STM32MP255FAL3, STM32MP257AAI3, STM32MP257AAK3, STM32MP257AAL3, STM32MP257CAI3, STM32MP257CAK3, STM32MP257CAL3, STM32MP257DAI3, STM32MP257DAK3, STM32MP257DAL3, STM32MP257F-DK, STM32MP257F-EV1, STM32MP257FAI3, STM32MP257FAK3, STM32MP257FAL3, STM32U031C6T6, STM32U031C6U6, STM32U031C8T6, STM32U031C8U6, STM32U031F4P6, STM32U031F6P6, STM32U031F8P6, STM32U031G6Y6TR, STM32U031G8Y6TR, STM32U031K4U6, STM32U031K6U6, STM32U031K8U6, STM32U031R6I6, STM32U031R6T6, STM32U031R8I6, STM32U031R8T6, STM32U073C8T6, STM32U073C8U6, STM32U073CBT6, STM32U073CBU6, STM32U073CCT6, STM32U073CCU6, STM32U073H8Y6TR, STM32U073HBY6TR, STM32U073HCY6TR, STM32U073K8U6, STM32U073KBU6, STM32U073KCU6, STM32U073M8I6, STM32U073M8T6, STM32U073MBI6, STM32U073MBT6, STM32U073MCI6, STM32U073MCT6, STM32U073R8I6, STM32U073R8T6, STM32U073RBI6, STM32U073RBT6, STM32U073RCI6, STM32U073RCT6, STM32U083C-DK, STM32U083CCT6, STM32U083CCU6, STM32U083HCY6TR, STM32U083KCU6, STM32U083MCI6, STM32U083MCT6, STM32U083RCI6, STM32U083RCT6, STM32U535CBT6, STM32U535CBT6Q, STM32U535CBU6, STM32U535CBU6Q, STM32U535CCT6, STM32U535CCT6Q, STM32U535CCU6, STM32U535CCU6Q, STM32U535CET6, STM32U535CET6Q, STM32U535CEU6, STM32U535CEU6Q, STM32U535JEY6QTR, STM32U535NCY6QTR, STM32U535NEY6QTR, STM32U535RBI6, STM32U535RBI6Q, STM32U535RBT6, STM32U535RBT6Q, STM32U535RCI6, STM32U535RCI6Q, STM32U535RCT6, STM32U535RCT6Q, STM32U535REI6, STM32U535REI6Q, STM32U535RET6, STM32U535RET6Q, STM32U535VCI6, STM32U535VCI6Q, STM32U535VCT6, STM32U535VCT6Q, STM32U535VEI6, STM32U535VEI6Q, STM32U535VET6, STM32U535VET6Q, STM32U545CET6, STM32U545CET6Q, STM32U545CEU6, STM32U545CEU6Q, STM32U545JEY6QTR, STM32U545NEY6QTR, STM32U545REI6, STM32U545REI6Q, STM32U545RET6, STM32U545RET6Q, STM32U545VEI6, STM32U545VEI6Q, STM32U545VET6, STM32U545VET6Q, STM32U595AIH6, STM32U595AIH6Q, STM32U595AJH6, STM32U595AJH6Q, STM32U595QII6, STM32U595QII6Q, STM32U595QJI6, STM32U595QJI6Q, STM32U595RIT6, STM32U595RIT6Q, STM32U595RJT6, STM32U595RJT6Q, STM32U595VIT6, STM32U595VIT6Q, STM32U595VJT6, STM32U595VJT6Q, STM32U595ZIT6, STM32U595ZIT6Q, STM32U595ZIY6QTR, STM32U595ZJT6, STM32U595ZJT6Q, STM32U595ZJY6QTR, STM32U599BJY6QTR, STM32U599NIH6Q, STM32U599NJH6Q, STM32U599VIT6Q, STM32U599VJT6, STM32U599VJT6Q, STM32U599ZIT6Q, STM32U599ZIY6QTR, STM32U599ZJT6Q, STM32U599ZJY6QTR, STM32U5A5AJH6, STM32U5A5AJH6Q, STM32U5A5QII3Q , STM32U5A5QJI6, STM32U5A5QJI6Q, STM32U5A5RJT6, STM32U5A5RJT6Q, STM32U5A5VJT6, STM32U5A5VJT6Q, STM32U5A5ZJT6, STM32U5A5ZJT6Q, STM32U5A5ZJY6QTR, STM32U5A9BJY6QTR, STM32U5A9J-DK, STM32U5A9NJH6Q, STM32U5A9VJT6Q, STM32U5A9ZJT6Q, STM32U5A9ZJY6QTR, STM32U5F7VIT6, STM32U5F7VIT6Q, STM32U5F7VJT6, STM32U5F7VJT6Q, STM32U5F9BJY6QTR, STM32U5F9NJH6Q, STM32U5F9VIT6Q, STM32U5F9VJT6Q, STM32U5F9ZIJ6QTR, STM32U5F9ZIT6Q, STM32U5F9ZJJ6QTR, STM32U5F9ZJT6Q, STM32U5G7VJT6, STM32U5G7VJT6Q, STM32U5G9BJY6QTR, STM32U5G9J-DK1, STM32U5G9J-DK2, STM32U5G9NJH6Q, STM32U5G9VJT6Q, STM32U5G9ZJJ6QTR, STM32U5G9ZJT6Q, STM32WB05KZV6TR, STM32WB05KZV7TR, STM32WB05TZF6TR, STM32WB05TZF7TR, STM32WB06CCF6TR, STM32WB06CCF7TR, STM32WB06CCV6TR, STM32WB06CCV7TR, STM32WB06KCV6TR, STM32WB06KCV7TR, STM32WB07CCF6TR, STM32WB07CCF7TR, STM32WB07CCV6TR, STM32WB07CCV7TR, STM32WB07KCV6TR, STM32WB07KCV7TR, STM32WB09KEV6TR, STM32WB09KEV7TR, STM32WB09TEF6TR, STM32WB09TEF7TR, STM32WB1MMCH6, STM32WBA50KGU6, STM32WBA50KGU6TR, STM32WBA52CEU6, STM32WBA52CEU6TR, STM32WBA52CEU7, STM32WBA52CEU7TR, STM32WBA52CGU6, STM32WBA52CGU6TR, STM32WBA52CGU6U, STM32WBA52CGU7, STM32WBA52CGU7TR, STM32WBA52KEU6, STM32WBA52KEU6TR, STM32WBA52KGU6, STM32WBA52KGU6TR, STM32WBA54CEU6, STM32WBA54CEU6TR, STM32WBA54CEU7, STM32WBA54CEU7TR, STM32WBA54CGU6, STM32WBA54CGU6TR, STM32WBA54CGU7, STM32WBA54CGU7TR, STM32WBA54KEU6, STM32WBA54KEU6TR, STM32WBA54KEU7, STM32WBA54KEU7TR, STM32WBA54KGU6, STM32WBA54KGU6TR, STM32WBA54KGU7, STM32WBA54KGU7TR, STM32WBA55CEU6, STM32WBA55CEU6TR, STM32WBA55CEU7, STM32WBA55CEU7TR, STM32WBA55CGU6, STM32WBA55CGU6TR, STM32WBA55CGU6U, STM32WBA55CGU7, STM32WBA55CGU7TR, STM32WBA55G-DK1, STM32WBA55HEF6, STM32WBA55HEF7, STM32WBA55HGF6, STM32WBA55HGF7, STM32WBA55UEI6, STM32WBA55UEI6TR, STM32WBA55UEI7, STM32WBA55UEI7TR, STM32WBA55UGI6, STM32WBA55UGI6TR, STM32WBA55UGI7, STM32WBA55UGI7TR, STM32WL5MOCH6, STM32WL5MOCH6TR]
2024-09-24 16:02:28,544 [INFO] DbMcus:218 - Found 4252 MCUs, 4252 are supported
2024-09-24 16:02:28,545 [INFO] ApiDb:423 - Load user favorites file C:\Users\Lenovo/.stm32cubeide/favorites.mcus.txt: 0 item(s)
2024-09-24 16:02:28,545 [INFO] ApiDb:427 - User favorites MCUs=[]
2024-09-24 16:02:28,545 [INFO] DbMcus:224 - Set 0 / 0 favorites MCUs
2024-09-24 16:02:28,810 [INFO] ApiDb:423 - Load user favorites file C:\Users\Lenovo/.stm32cubeide/favorites.boards.txt: 0 item(s)
2024-09-24 16:02:28,810 [INFO] ApiDb:427 - User favorites Boards=[]
2024-09-24 16:02:28,810 [INFO] DbBoards:198 - Set 0 / 0 favorites Boards
2024-09-24 16:02:28,863 [INFO] UtilMem:75 - End LoadConfig() Used Memory: 207374840 Bytes (917504000)
2024-09-24 16:02:28,954 [WARN] ThirdParty:833 - waiting for thirdparty lock release [change project]
2024-09-24 16:02:28,956 [INFO] ThirdParty:835 - entering critical section [change project]
2024-09-24 16:02:28,956 [INFO] ThirdParty:1030 - CMSIS Pack Vendor :STMicroelectronics USBPD 4.1
2024-09-24 16:02:28,956 [INFO] ThirdParty:1030 - CMSIS Pack Vendor :STMicroelectronics X-CUBE-AZRTOS-H7 3.3.0
2024-09-24 16:02:28,956 [INFO] ThirdParty:1030 - CMSIS Pack Vendor :STMicroelectronics USB_HOST 2.0.0
2024-09-24 16:02:28,956 [INFO] ThirdParty:1030 - CMSIS Pack Vendor :STMicroelectronics FP-SNS-MOTENVWB1 1.4.0
2024-09-24 16:02:28,956 [INFO] ThirdParty:1030 - CMSIS Pack Vendor :STMicroelectronics X-CUBE-AZRTOS-F4 1.1.0
2024-09-24 16:02:28,956 [INFO] ThirdParty:1030 - CMSIS Pack Vendor :STMicroelectronics LIBJPEG 8.0.0
2024-09-24 16:02:28,956 [INFO] ThirdParty:1030 - CMSIS Pack Vendor :STMicroelectronics X-CUBE-SMBUS 2.1.0
2024-09-24 16:02:28,956 [INFO] ThirdParty:1030 - CMSIS Pack Vendor :STMicroelectronics USB_DEVICE 3.0.0
2024-09-24 16:02:28,956 [INFO] ThirdParty:1030 - CMSIS Pack Vendor :STMicroelectronics X-CUBE-TCPP 4.1.0
2024-09-24 16:02:28,956 [INFO] ThirdParty:1030 - CMSIS Pack Vendor :STMicroelectronics X-CUBE-ISPU 2.1.0
2024-09-24 16:02:28,956 [INFO] ThirdParty:1030 - CMSIS Pack Vendor :STMicroelectronics X-CUBE-FREERTOS 1.2.0
2024-09-24 16:02:28,956 [INFO] ThirdParty:1030 - CMSIS Pack Vendor :STMicroelectronics X-CUBE-AZRTOS-WB 2.0.0
2024-09-24 16:02:28,956 [INFO] ThirdParty:1030 - CMSIS Pack Vendor :STMicroelectronics X-CUBE-GNSS1 7.0.0
2024-09-24 16:02:28,956 [INFO] ThirdParty:1030 - CMSIS Pack Vendor :STMicroelectronics X-CUBE-AZRTOS-F7 1.1.0
2024-09-24 16:02:28,956 [INFO] ThirdParty:1030 - CMSIS Pack Vendor :STMicroelectronics X-CUBE-AZRTOS-L5 2.0.0
2024-09-24 16:02:28,956 [INFO] ThirdParty:1030 - CMSIS Pack Vendor :STMicroelectronics USB_DEVICE 2.0.0
2024-09-24 16:02:28,956 [INFO] ThirdParty:1030 - CMSIS Pack Vendor :STMicroelectronics X-CUBE-NFC6 3.1.0
2024-09-24 16:02:28,956 [INFO] ThirdParty:1030 - CMSIS Pack Vendor :STMicroelectronics FP-SNS-STBOX1 2.0.0
2024-09-24 16:02:28,956 [INFO] ThirdParty:1030 - CMSIS Pack Vendor :STMicroelectronics X-CUBE-MEMS1 11.0.0
2024-09-24 16:02:28,956 [INFO] ThirdParty:1030 - CMSIS Pack Vendor :STMicroelectronics FreeRTOS 0.0.1
2024-09-24 16:02:28,956 [INFO] ThirdParty:1030 - CMSIS Pack Vendor :STMicroelectronics X-CUBE-AZRTOS-G0 1.1.0
2024-09-24 16:02:28,956 [INFO] ThirdParty:1030 - CMSIS Pack Vendor :STMicroelectronics X-CUBE-SAFEA1 1.2.2
2024-09-24 16:02:28,956 [INFO] ThirdParty:1030 - CMSIS Pack Vendor :STMicroelectronics X-CUBE-NFC4 3.0.0
2024-09-24 16:02:28,956 [INFO] ThirdParty:1030 - CMSIS Pack Vendor :STMicroelectronics X-CUBE-DPower 1.2.0
2024-09-24 16:02:28,956 [INFO] ThirdParty:1030 - CMSIS Pack Vendor :STMicroelectronics X-CUBE-SUBG2 5.0.0
2024-09-24 16:02:28,956 [INFO] ThirdParty:1030 - CMSIS Pack Vendor :STMicroelectronics STM32_WPAN 1.0.0
2024-09-24 16:02:28,956 [INFO] ThirdParty:1030 - CMSIS Pack Vendor :EmbeddedOffice I-CUBE-FS-RTOS 1.0.1
2024-09-24 16:02:28,956 [INFO] ThirdParty:1030 - CMSIS Pack Vendor :STMicroelectronics lwIP 2.0.3
2024-09-24 16:02:28,956 [INFO] ThirdParty:1030 - CMSIS Pack Vendor :STMicroelectronics FP-SNS-FLIGHT1 5.0.2
2024-09-24 16:02:28,956 [INFO] ThirdParty:1030 - CMSIS Pack Vendor :Cesanta I-CUBE-Mongoose 7.13.0
2024-09-24 16:02:28,956 [INFO] ThirdParty:1030 - CMSIS Pack Vendor :STMicroelectronics USB_HOST 1.0.0
2024-09-24 16:02:28,956 [INFO] ThirdParty:1030 - CMSIS Pack Vendor :STMicroelectronics X-CUBE-AI 9.0.0
2024-09-24 16:02:28,956 [INFO] ThirdParty:1030 - CMSIS Pack Vendor :STMicroelectronics X-CUBE-AZRTOS-G4 2.0.0
2024-09-24 16:02:28,956 [INFO] ThirdParty:1030 - CMSIS Pack Vendor :STMicroelectronics PDM2PCM 3.1.0
2024-09-24 16:02:28,956 [INFO] ThirdParty:1030 - CMSIS Pack Vendor :STMicroelectronics PDM2PCM 3.3.0
2024-09-24 16:02:28,956 [INFO] ThirdParty:1030 - CMSIS Pack Vendor :STMicroelectronics X-CUBE-DISPLAY 3.0.0
2024-09-24 16:02:28,956 [INFO] ThirdParty:1030 - CMSIS Pack Vendor :RealThread X-CUBE-RT-Thread_Nano 4.1.1
2024-09-24 16:02:28,956 [INFO] ThirdParty:1030 - CMSIS Pack Vendor :STMicroelectronics X-CUBE-BLE1 7.0.0
2024-09-24 16:02:28,956 [INFO] ThirdParty:1030 - CMSIS Pack Vendor :STMicroelectronics FP-ATR-SIGFOX1 3.2.0
2024-09-24 16:02:28,956 [INFO] ThirdParty:1030 - CMSIS Pack Vendor :wolfSSL I-CUBE-wolfSSL 5.7.2
2024-09-24 16:02:28,956 [INFO] ThirdParty:1030 - CMSIS Pack Vendor :STMicroelectronics X-CUBE-EEPRMA1 5.1.0
2024-09-24 16:02:28,956 [INFO] ThirdParty:1030 - CMSIS Pack Vendor :STMicroelectronics HAL Drivers 0.0.0
2024-09-24 16:02:28,956 [INFO] ThirdParty:1030 - CMSIS Pack Vendor :STMicroelectronics MBEDTLS 2.16.2
2024-09-24 16:02:28,956 [INFO] ThirdParty:1030 - CMSIS Pack Vendor :STMicroelectronics X-CUBE-ALS 1.0.2
2024-09-24 16:02:28,956 [INFO] ThirdParty:1030 - CMSIS Pack Vendor :emotas I-CUBE-CANOPEN 1.3.0
2024-09-24 16:02:28,956 [INFO] ThirdParty:1030 - CMSIS Pack Vendor :STMicroelectronics X-CUBE-NFC7 1.0.1
2024-09-24 16:02:28,956 [INFO] ThirdParty:1030 - CMSIS Pack Vendor :STMicroelectronics MBEDTLS 2.14.1
2024-09-24 16:02:28,956 [INFO] ThirdParty:1030 - CMSIS Pack Vendor :STMicroelectronics X-CUBE-TOUCHGFX 4.24.0
2024-09-24 16:02:28,956 [INFO] ThirdParty:1030 - CMSIS Pack Vendor :ITTIA_DB I-CUBE-ITTIADB 8.9.0
2024-09-24 16:02:28,956 [INFO] ThirdParty:1030 - CMSIS Pack Vendor :STMicroelectronics X-CUBE-TOUCHGFX 4.24.1
2024-09-24 16:02:28,956 [INFO] ThirdParty:1030 - CMSIS Pack Vendor :wolfSSL I-CUBE-wolfTPM 3.4.0
2024-09-24 16:02:28,956 [INFO] ThirdParty:1030 - CMSIS Pack Vendor :portGmbH I-Cube-SoM-uGOAL 1.1.0
2024-09-24 16:02:28,956 [INFO] ThirdParty:1030 - CMSIS Pack Vendor :STMicroelectronics X-CUBE-BLEMGR 3.1.0
2024-09-24 16:02:28,956 [INFO] ThirdParty:1030 - CMSIS Pack Vendor :STMicroelectronics ThreadX 1.0.0
2024-09-24 16:02:28,956 [INFO] ThirdParty:1030 - CMSIS Pack Vendor :STMicroelectronics FP-SNS-SMARTAG2 1.2.0
2024-09-24 16:02:28,956 [INFO] ThirdParty:1030 - CMSIS Pack Vendor :STMicroelectronics X-CUBE-AZRTOS-WL 2.0.0
2024-09-24 16:02:28,956 [INFO] ThirdParty:1030 - CMSIS Pack Vendor :SEGGER I-CUBE-embOS 1.3.1
2024-09-24 16:02:28,956 [INFO] ThirdParty:1030 - CMSIS Pack Vendor :STMicroelectronics X-CUBE-ALGOBUILD 1.4.0
2024-09-24 16:02:28,956 [INFO] ThirdParty:1030 - CMSIS Pack Vendor :STMicroelectronics FP-SNS-MOTENV1 5.0.0
2024-09-24 16:02:28,956 [INFO] ThirdParty:1030 - CMSIS Pack Vendor :STMicroelectronics USB_DEVICE 1.0.0
2024-09-24 16:02:28,956 [INFO] ThirdParty:1030 - CMSIS Pack Vendor :STMicroelectronics X-CUBE-AZRTOS-H7RS 1.0.0
2024-09-24 16:02:28,956 [INFO] ThirdParty:1030 - CMSIS Pack Vendor :wolfSSL I-CUBE-wolfMQTT 1.19.0
2024-09-24 16:02:28,956 [INFO] ThirdParty:1030 - CMSIS Pack Vendor :STMicroelectronics X-CUBE-AZRTOS-L4 2.0.0
2024-09-24 16:02:28,958 [INFO] ThirdParty:1030 - CMSIS Pack Vendor :STMicroelectronics ThreadX 0.0.2
2024-09-24 16:02:28,958 [INFO] ThirdParty:1030 - CMSIS Pack Vendor :WES I-CUBE-Cesium 1.3.0
2024-09-24 16:02:28,958 [INFO] ThirdParty:1030 - CMSIS Pack Vendor :STMicroelectronics FP-ATR-ASTRA1 2.0.0
2024-09-24 16:02:28,958 [INFO] ThirdParty:1030 - CMSIS Pack Vendor :STMicroelectronics lwIP 2.1.2
2024-09-24 16:02:28,958 [INFO] ThirdParty:1030 - CMSIS Pack Vendor :STMicroelectronics X-CUBE-SFXS2LP1 4.0.0
2024-09-24 16:02:28,958 [INFO] ThirdParty:1030 - CMSIS Pack Vendor :STMicroelectronics X-CUBE-BLE2 3.3.0
2024-09-24 16:02:28,958 [INFO] ThirdParty:1030 - CMSIS Pack Vendor :STMicroelectronics X-CUBE-TOF1 3.4.2
2024-09-24 16:02:28,958 [INFO] ThirdParty:1030 - CMSIS Pack Vendor :Infineon AIROC-Wi-Fi-Bluetooth-STM32 1.6.1
2024-09-24 16:02:28,958 [INFO] ThirdParty:1030 - CMSIS Pack Vendor :STMicroelectronics PDM2PCM 3.2.0
2024-09-24 16:02:28,958 [INFO] ThirdParty:1030 - CMSIS Pack Vendor :wolfSSL I-CUBE-wolfSSH 1.4.17
2024-09-24 16:02:28,958 [INFO] ThirdParty:841 - exiting critical section [change project]
2024-09-24 16:02:29,220 [INFO] PinOutPanel:1561 - setPackage(No Configuration,No Configuration)
2024-09-24 16:02:29,221 [INFO] PinOutPanel:1561 - setPackage(STM32F103C8Tx,LQFP48)
2024-09-24 16:02:29,555 [INFO] UtilMem:75 - Before build in PCC Used Memory: 303022720 Bytes (917504000)
2024-09-24 16:02:30,131 [INFO] UtilMem:75 - After build in PCC Used Memory: 395135832 Bytes (917504000)
2024-09-24 16:02:30,150 [INFO] IPUIPlugin:80 - create IPUIPlugin
2024-09-24 16:02:30,150 [INFO] IPUIPlugin:80 - create IPUIPlugin
2024-09-24 16:02:30,150 [INFO] IPUIPlugin:80 - create IPUIPlugin
2024-09-24 16:02:30,150 [INFO] IPUIPlugin:80 - create IPUIPlugin
2024-09-24 16:02:30,150 [INFO] IPUIPlugin:80 - create IPUIPlugin
2024-09-24 16:02:30,150 [INFO] IPUIPlugin:80 - create IPUIPlugin
2024-09-24 16:02:30,151 [INFO] IPUIPlugin:80 - create IPUIPlugin
2024-09-24 16:02:30,151 [INFO] IPUIPlugin:80 - create IPUIPlugin
2024-09-24 16:02:30,151 [INFO] IPUIPlugin:80 - create IPUIPlugin
2024-09-24 16:02:30,151 [INFO] IPUIPlugin:80 - create IPUIPlugin
2024-09-24 16:02:30,151 [INFO] IPUIPlugin:80 - create IPUIPlugin
2024-09-24 16:02:30,151 [INFO] IPUIPlugin:80 - create IPUIPlugin
2024-09-24 16:02:30,151 [INFO] IPUIPlugin:80 - create IPUIPlugin
2024-09-24 16:02:30,151 [INFO] IPUIPlugin:80 - create IPUIPlugin
2024-09-24 16:02:30,151 [INFO] IPUIPlugin:80 - create IPUIPlugin
2024-09-24 16:02:30,151 [INFO] IPUIPlugin:80 - create IPUIPlugin
2024-09-24 16:02:30,152 [INFO] IPUIPlugin:80 - create IPUIPlugin
2024-09-24 16:02:30,152 [INFO] IPUIPlugin:80 - create IPUIPlugin
2024-09-24 16:02:30,152 [INFO] IPUIPlugin:80 - create IPUIPlugin
2024-09-24 16:02:30,152 [INFO] IPUIPlugin:80 - create IPUIPlugin
2024-09-24 16:02:30,152 [INFO] IPUIPlugin:80 - create IPUIPlugin
2024-09-24 16:02:30,152 [INFO] IPUIPlugin:80 - create IPUIPlugin
2024-09-24 16:02:30,152 [INFO] IPUIPlugin:80 - create IPUIPlugin
2024-09-24 16:02:30,152 [INFO] IPUIPlugin:80 - create IPUIPlugin
2024-09-24 16:02:30,152 [INFO] IPUIPlugin:80 - create IPUIPlugin
2024-09-24 16:02:30,153 [INFO] IPUIPlugin:80 - create IPUIPlugin
2024-09-24 16:02:30,153 [INFO] IPUIPlugin:80 - create IPUIPlugin
2024-09-24 16:02:30,161 [INFO] Can:71 - Can Add PropertyChangeListener com.st.microxplorer.plugins.ip.can.Can@79475dc8
2024-09-24 16:02:30,348 [INFO] CADModel:165 - CPN selected for project levelSTM32F103C8T6
2024-09-24 16:02:30,348 [INFO] CADModel:114 - Register for checkConnection events
2024-09-24 16:02:30,392 [INFO] OpenFileManager:363 - Restore cursor
2024-09-24 16:02:46,885 [INFO] RtosManager:919 - Current active RTOS is FREERTOS [Cortex-M3NS]
2024-09-24 16:02:47,052 [INFO] ApiDbMcu:508 - Load IP Config File for FREERTOS
2024-09-24 16:02:47,247 [ERROR] RtosPanel:558 - Can not restore the selected Tab for FREERTOS(A reason can be that the tab is no more available.)
2024-09-24 16:02:47,291 [ERROR] RtosPanel:558 - Can not restore the selected Tab for FREERTOS(A reason can be that the tab is no more available.)
2024-09-24 16:03:00,338 [INFO] RtosManager:930 - There is no active RTOS [Cortex-M3NS]
2024-09-24 19:33:06,174 [INFO] Activator:176 - 


2024-09-24 19:33:06,175 [INFO] Activator:177 - !SESSION log4j initialized
2024-09-24 19:33:09,642 [INFO] LogOutputStream:77 - [STDOUT_REDIRECT] 
2024-09-24 19:33:18,088 [INFO] ApplicationProperties:184 - Using Application install path: C:\ST\STM32CubeIDE_1.16.1\STM32CubeIDE\plugins\com.st.stm32cube.common.mx_6.12.1.202409122256
2024-09-24 19:33:18,100 [INFO] DbMcusXml:78 - Set database path to: C:\ST\STM32CubeIDE_1.16.1\STM32CubeIDE\plugins\com.st.stm32cube.common.mx_6.12.1.202409122256\\db\/mcu/
2024-09-24 19:33:18,100 [INFO] ApiDb:274 - Set plugin database path to: C:\ST\STM32CubeIDE_1.16.1\STM32CubeIDE\plugins\com.st.stm32cube.common.mx_6.12.1.202409122256\\db\/plugins/boardmanager/
2024-09-24 19:33:18,101 [WARN] ApiDb:259 - Overriding images path with different value:  => C:\ST\STM32CubeIDE_1.16.1\STM32CubeIDE\plugins\com.st.stm32cube.common.mx_6.12.1.202409122256\\db\/plugins/mcufinder/images/
2024-09-24 19:33:18,106 [INFO] ApiDb:250 - Set database path to: C:\Users\Lenovo\.stmcufinder\plugins\mcufinder//mcu/
2024-09-24 19:33:18,107 [INFO] DbMcusAds:125 - Set database path to: C:\Users\Lenovo\.stmcufinder\plugins\mcufinder//mcu/
2024-09-24 19:33:18,108 [INFO] CrossReferenceDbSqlite:203 - Set database path to: C:\Users\Lenovo\.stmcufinder\plugins\mcufinder//mcu/cs/
2024-09-24 19:33:18,210 [INFO] RulesReader:64 - Compatibility file has been processed (297 Rules)
2024-09-24 19:33:18,290 [INFO] DbMcusXml:78 - Set database path to: C:\ST\STM32CubeIDE_1.16.1\STM32CubeIDE\plugins\com.st.stm32cube.common.mx_6.12.1.202409122256\\db\/mcu/
2024-09-24 19:33:18,290 [INFO] ApiDb:274 - Set plugin database path to: C:\ST\STM32CubeIDE_1.16.1\STM32CubeIDE\plugins\com.st.stm32cube.common.mx_6.12.1.202409122256\\db\/plugins/boardmanager/
2024-09-24 19:33:18,290 [INFO] ApiDb:261 - Set plugin images path to: C:\ST\STM32CubeIDE_1.16.1\STM32CubeIDE\plugins\com.st.stm32cube.common.mx_6.12.1.202409122256\\db\/plugins/mcufinder/images/
2024-09-24 19:33:18,290 [WARN] DbFile:41 - Overriding database path with different value: C:\Users\Lenovo\.stmcufinder\plugins\mcufinder/ => C:\Users\Lenovo\.stmcufinder\plugins\mcufinder
2024-09-24 19:33:18,290 [INFO] ApiDb:250 - Set database path to: C:\Users\Lenovo\.stmcufinder\plugins\mcufinder//mcu/
2024-09-24 19:33:18,290 [WARN] DbFile:41 - Overriding database path with different value: C:\Users\Lenovo\.stmcufinder\plugins\mcufinder/ => C:\Users\Lenovo\.stmcufinder\plugins\mcufinder
2024-09-24 19:33:18,290 [INFO] DbMcusAds:125 - Set database path to: C:\Users\Lenovo\.stmcufinder\plugins\mcufinder//mcu/
2024-09-24 19:33:18,290 [WARN] DbFile:41 - Overriding database path with different value: C:\Users\Lenovo\.stmcufinder\plugins\mcufinder/ => C:\Users\Lenovo\.stmcufinder\plugins\mcufinder
2024-09-24 19:33:18,290 [WARN] DbFile:41 - Overriding database path with different value: C:\Users\Lenovo\.stmcufinder\plugins\mcufinder/ => C:\Users\Lenovo\.stmcufinder\plugins\mcufinder
2024-09-24 19:33:18,290 [INFO] CrossReferenceDbSqlite:203 - Set database path to: C:\Users\Lenovo\.stmcufinder\plugins\mcufinder//mcu/cs/
2024-09-24 19:33:18,365 [INFO] MainPanel:268 - HeapMemory: 268435456
2024-09-24 19:33:18,421 [INFO] DbMcusXml:78 - Set database path to: C:\ST\STM32CubeIDE_1.16.1\STM32CubeIDE\plugins\com.st.stm32cube.common.mx_6.12.1.202409122256\\db\/mcu/
2024-09-24 19:33:18,421 [INFO] ApiDb:274 - Set plugin database path to: C:\ST\STM32CubeIDE_1.16.1\STM32CubeIDE\plugins\com.st.stm32cube.common.mx_6.12.1.202409122256\\db\/plugins/boardmanager/
2024-09-24 19:33:18,421 [INFO] ApiDb:261 - Set plugin images path to: C:\ST\STM32CubeIDE_1.16.1\STM32CubeIDE\plugins\com.st.stm32cube.common.mx_6.12.1.202409122256\\db\/plugins/mcufinder/images/
2024-09-24 19:33:18,422 [WARN] DbFile:41 - Overriding database path with different value: C:\Users\Lenovo\.stmcufinder\plugins\mcufinder/ => C:\Users\Lenovo\.stmcufinder\plugins\mcufinder
2024-09-24 19:33:18,422 [INFO] ApiDb:250 - Set database path to: C:\Users\Lenovo\.stmcufinder\plugins\mcufinder//mcu/
2024-09-24 19:33:18,422 [WARN] DbFile:41 - Overriding database path with different value: C:\Users\Lenovo\.stmcufinder\plugins\mcufinder/ => C:\Users\Lenovo\.stmcufinder\plugins\mcufinder
2024-09-24 19:33:18,422 [INFO] DbMcusAds:125 - Set database path to: C:\Users\Lenovo\.stmcufinder\plugins\mcufinder//mcu/
2024-09-24 19:33:18,422 [WARN] DbFile:41 - Overriding database path with different value: C:\Users\Lenovo\.stmcufinder\plugins\mcufinder/ => C:\Users\Lenovo\.stmcufinder\plugins\mcufinder
2024-09-24 19:33:18,422 [WARN] DbFile:41 - Overriding database path with different value: C:\Users\Lenovo\.stmcufinder\plugins\mcufinder/ => C:\Users\Lenovo\.stmcufinder\plugins\mcufinder
2024-09-24 19:33:18,422 [INFO] CrossReferenceDbSqlite:203 - Set database path to: C:\Users\Lenovo\.stmcufinder\plugins\mcufinder//mcu/cs/
2024-09-24 19:33:18,437 [INFO] ApplicationProperties:184 - Using Application install path: C:\ST\STM32CubeIDE_1.16.1\STM32CubeIDE\plugins\com.st.stm32cube.common.mx_6.12.1.202409122256
2024-09-24 19:33:18,438 [INFO] PluginManage:196 - Search for loadable plugins [exclusion list=, ]
2024-09-24 19:33:18,439 [INFO] PluginManage:310 - Check plugin analytics
2024-09-24 19:33:18,582 [INFO] AnalyticsPlugin:253 - Accepted Software Licenses: STM32CubeMX.6.12.0
2024-09-24 19:33:18,582 [INFO] AnalyticsPlugin:255 - Accepted CMSIS Pack Licenses: 
2024-09-24 19:33:18,583 [INFO] AnalyticsPlugin:257 - Accepted Firmware Licenses: FW.F4.1.28.0
2024-09-24 19:33:18,585 [INFO] PluginManage:359 - Loaded plugin analytics (category:tool,tabindex:-1)
2024-09-24 19:33:18,585 [INFO] PluginManage:310 - Check plugin cadmodel
2024-09-24 19:33:18,589 [INFO] CADModel:105 - Init CAD model plugin
2024-09-24 19:33:18,589 [INFO] PluginManage:359 - Loaded plugin cadmodel (category:power,tabindex:5)
2024-09-24 19:33:18,589 [INFO] PluginManage:310 - Check plugin clock
2024-09-24 19:33:18,597 [INFO] PluginManage:359 - Loaded plugin clock (category:base,tabindex:2)
2024-09-24 19:33:18,597 [INFO] PluginManage:310 - Check plugin ddr
2024-09-24 19:33:18,599 [INFO] PluginManage:359 - Loaded plugin ddr (category:tool,tabindex:6)
2024-09-24 19:33:18,599 [INFO] PluginManage:310 - Check plugin filemanager
2024-09-24 19:33:18,714 [INFO] PluginManage:359 - Loaded plugin filemanager (category:base,tabindex:10)
2024-09-24 19:33:18,714 [INFO] PluginManage:310 - Check plugin ipmanager
2024-09-24 19:33:18,722 [INFO] PluginManage:359 - Loaded plugin ipmanager (category:base,tabindex:5)
2024-09-24 19:33:18,722 [INFO] PluginManage:310 - Check plugin lpbam
2024-09-24 19:33:18,727 [INFO] PluginManage:359 - Loaded plugin lpbam (category:base,tabindex:0)
2024-09-24 19:33:18,728 [INFO] PluginManage:310 - Check plugin memorymap
2024-09-24 19:33:18,736 [INFO] PluginManage:359 - Loaded plugin memorymap (category:base,tabindex:4)
2024-09-24 19:33:18,736 [INFO] PluginManage:310 - Check plugin pinoutandconfiguration
2024-09-24 19:33:18,741 [INFO] PluginManage:359 - Loaded plugin pinoutandconfiguration (category:base,tabindex:1)
2024-09-24 19:33:18,741 [INFO] PluginManage:310 - Check plugin pinoutconfig
2024-09-24 19:33:18,801 [WARN] SupportedApi:132 - Cannot load RTOS API schema: s4s-elt-must-match.1: The content of 'definitions' must match (annotation?, (simpleType | complexType)?, (unique | key | keyref)*)). A problem was found starting at: attribute.
2024-09-24 19:33:18,883 [INFO] PluginManage:359 - Loaded plugin pinoutconfig (category:base,tabindex:0)
2024-09-24 19:33:18,883 [INFO] PluginManage:310 - Check plugin power
2024-09-24 19:33:18,890 [INFO] PluginManage:359 - Loaded plugin power (category:power,tabindex:4)
2024-09-24 19:33:18,890 [INFO] PluginManage:310 - Check plugin projectmanager
2024-09-24 19:33:18,902 [INFO] PluginManage:359 - Loaded plugin projectmanager (category:projectmanager,tabindex:4)
2024-09-24 19:33:18,902 [INFO] PluginManage:310 - Check plugin rif
2024-09-24 19:33:18,907 [INFO] PluginManage:359 - Loaded plugin rif (category:base,tabindex:3)
2024-09-24 19:33:18,907 [INFO] PluginManage:310 - Check plugin thirdparty
2024-09-24 19:33:18,990 [INFO] PluginManage:359 - Loaded plugin thirdparty (category:base,tabindex:-1)
2024-09-24 19:33:18,990 [INFO] PluginManage:310 - Check plugin tools
2024-09-24 19:33:18,990 [WARN] IntegrityCheckThread:84 - waiting for thirdparty lock release [integrity check]
2024-09-24 19:33:18,990 [INFO] IntegrityCheckThread:86 - entering critical section [integrity check]
2024-09-24 19:33:18,991 [INFO] ThirdPartyUpdaterWithRetryManager:70 - Updater plugin not ready yet. [1/15]
2024-09-24 19:33:18,992 [INFO] PluginManage:359 - Loaded plugin tools (category:base,tabindex:7)
2024-09-24 19:33:18,992 [INFO] PluginManage:310 - Check plugin tutovideos
2024-09-24 19:33:19,100 [INFO] PluginManage:359 - Loaded plugin tutovideos (category:base,tabindex:-1)
2024-09-24 19:33:19,101 [INFO] PluginManage:310 - Check plugin updater
2024-09-24 19:33:19,111 [INFO] PluginManage:359 - Loaded plugin updater (category:base,tabindex:12)
2024-09-24 19:33:19,111 [INFO] PluginManage:310 - Check plugin userauth
2024-09-24 19:33:19,115 [INFO] UserAuth:113 - Init User Auth plugin
2024-09-24 19:33:19,115 [INFO] PluginManage:359 - Loaded plugin userauth (category:base,tabindex:14)
2024-09-24 19:33:19,116 [INFO] PluginManage:283 - PluginManage : Loaded plugins [18]
2024-09-24 19:33:19,337 [INFO] PinOutPanel:1561 - setPackage(No Configuration,No Configuration)
2024-09-24 19:33:19,432 [INFO] CADModel:165 - CPN selected for project level
2024-09-24 19:33:19,432 [INFO] CADModel:114 - Register for checkConnection events
2024-09-24 19:33:19,446 [INFO] IPUIPlugin:80 - create IPUIPlugin
2024-09-24 19:33:19,446 [INFO] PluginManager:220 - loadIPPluginJar : add adc
2024-09-24 19:33:19,448 [INFO] IPUIPlugin:80 - create IPUIPlugin
2024-09-24 19:33:19,448 [INFO] PluginManager:220 - loadIPPluginJar : add aes
2024-09-24 19:33:19,451 [INFO] IPUIPlugin:80 - create IPUIPlugin
2024-09-24 19:33:19,451 [INFO] PluginManager:220 - loadIPPluginJar : add can
2024-09-24 19:33:19,452 [INFO] IPUIPlugin:80 - create IPUIPlugin
2024-09-24 19:33:19,453 [INFO] PluginManager:220 - loadIPPluginJar : add comp
2024-09-24 19:33:19,455 [INFO] IPUIPlugin:80 - create IPUIPlugin
2024-09-24 19:33:19,455 [INFO] PluginManager:220 - loadIPPluginJar : add cryp
2024-09-24 19:33:19,457 [INFO] IPUIPlugin:80 - create IPUIPlugin
2024-09-24 19:33:19,457 [INFO] PluginManager:220 - loadIPPluginJar : add ddr_ctrl_phy
2024-09-24 19:33:19,460 [INFO] IPUIPlugin:80 - create IPUIPlugin
2024-09-24 19:33:19,460 [INFO] PluginManager:220 - loadIPPluginJar : add dfsdm
2024-09-24 19:33:19,466 [INFO] IPUIPlugin:80 - create IPUIPlugin
2024-09-24 19:33:19,466 [INFO] PluginManager:220 - loadIPPluginJar : add dma
2024-09-24 19:33:19,468 [INFO] IPUIPlugin:80 - create IPUIPlugin
2024-09-24 19:33:19,469 [INFO] PluginManager:220 - loadIPPluginJar : add dma3
2024-09-24 19:33:19,471 [INFO] IPUIPlugin:80 - create IPUIPlugin
2024-09-24 19:33:19,471 [INFO] PluginManager:220 - loadIPPluginJar : add extmemmanager
2024-09-24 19:33:19,472 [INFO] IPUIPlugin:80 - create IPUIPlugin
2024-09-24 19:33:19,472 [INFO] PluginManager:220 - loadIPPluginJar : add fatfs
2024-09-24 19:33:19,475 [INFO] IPUIPlugin:80 - create IPUIPlugin
2024-09-24 19:33:19,475 [INFO] PluginManager:220 - loadIPPluginJar : add fmc
2024-09-24 19:33:19,480 [INFO] IPUIPlugin:80 - create IPUIPlugin
2024-09-24 19:33:19,480 [INFO] PluginManager:220 - loadIPPluginJar : add freertos
2024-09-24 19:33:19,482 [INFO] IPUIPlugin:80 - create IPUIPlugin
2024-09-24 19:33:19,482 [INFO] PluginManager:220 - loadIPPluginJar : add genericplugin
2024-09-24 19:33:19,484 [INFO] IPUIPlugin:80 - create IPUIPlugin
2024-09-24 19:33:19,484 [INFO] PluginManager:220 - loadIPPluginJar : add gfxmmu
2024-09-24 19:33:19,489 [INFO] IPUIPlugin:80 - create IPUIPlugin
2024-09-24 19:33:19,490 [INFO] PluginManager:220 - loadIPPluginJar : add gic
2024-09-24 19:33:19,494 [INFO] IPUIPlugin:80 - create IPUIPlugin
2024-09-24 19:33:19,494 [INFO] PluginManager:220 - loadIPPluginJar : add gpio
2024-09-24 19:33:19,497 [INFO] IPUIPlugin:80 - create IPUIPlugin
2024-09-24 19:33:19,498 [INFO] PluginManager:220 - loadIPPluginJar : add gtzc
2024-09-24 19:33:19,501 [INFO] IPUIPlugin:80 - create IPUIPlugin
2024-09-24 19:33:19,501 [INFO] PluginManager:220 - loadIPPluginJar : add hash
2024-09-24 19:33:19,504 [INFO] IPUIPlugin:80 - create IPUIPlugin
2024-09-24 19:33:19,504 [INFO] PluginManager:220 - loadIPPluginJar : add i2c
2024-09-24 19:33:19,506 [INFO] IPUIPlugin:80 - create IPUIPlugin
2024-09-24 19:33:19,506 [INFO] PluginManager:220 - loadIPPluginJar : add i2s
2024-09-24 19:33:19,508 [INFO] IPUIPlugin:80 - create IPUIPlugin
2024-09-24 19:33:19,508 [INFO] PluginManager:220 - loadIPPluginJar : add i3c
2024-09-24 19:33:19,511 [INFO] IPUIPlugin:80 - create IPUIPlugin
2024-09-24 19:33:19,511 [INFO] PluginManager:220 - loadIPPluginJar : add ipddr
2024-09-24 19:33:19,517 [INFO] IPUIPlugin:80 - create IPUIPlugin
2024-09-24 19:33:19,518 [INFO] PluginManager:220 - loadIPPluginJar : add linkedlist
2024-09-24 19:33:19,521 [INFO] IPUIPlugin:80 - create IPUIPlugin
2024-09-24 19:33:19,521 [INFO] PluginManager:220 - loadIPPluginJar : add lorawan
2024-09-24 19:33:19,522 [INFO] IPUIPlugin:80 - create IPUIPlugin
2024-09-24 19:33:19,522 [INFO] PluginManager:220 - loadIPPluginJar : add ltdc
2024-09-24 19:33:19,526 [INFO] IPUIPlugin:80 - create IPUIPlugin
2024-09-24 19:33:19,526 [INFO] PluginManager:220 - loadIPPluginJar : add mdma
2024-09-24 19:33:19,529 [INFO] IPUIPlugin:80 - create IPUIPlugin
2024-09-24 19:33:19,530 [INFO] PluginManager:220 - loadIPPluginJar : add nvic
2024-09-24 19:33:19,532 [INFO] IPUIPlugin:80 - create IPUIPlugin
2024-09-24 19:33:19,532 [INFO] PluginManager:220 - loadIPPluginJar : add opamp
2024-09-24 19:33:19,534 [INFO] IPUIPlugin:80 - create IPUIPlugin
2024-09-24 19:33:19,534 [INFO] PluginManager:220 - loadIPPluginJar : add openamp
2024-09-24 19:33:19,536 [INFO] IPUIPlugin:80 - create IPUIPlugin
2024-09-24 19:33:19,537 [INFO] PluginManager:220 - loadIPPluginJar : add pdm2pcm
2024-09-24 19:33:19,541 [INFO] IPUIPlugin:80 - create IPUIPlugin
2024-09-24 19:33:19,543 [INFO] PluginManager:220 - loadIPPluginJar : add plateformsettings
2024-09-24 19:33:19,545 [INFO] IPUIPlugin:80 - create IPUIPlugin
2024-09-24 19:33:19,545 [INFO] PluginManager:220 - loadIPPluginJar : add quadspi
2024-09-24 19:33:19,546 [INFO] IPUIPlugin:80 - create IPUIPlugin
2024-09-24 19:33:19,547 [INFO] PluginManager:220 - loadIPPluginJar : add radio
2024-09-24 19:33:19,550 [INFO] IPUIPlugin:80 - create IPUIPlugin
2024-09-24 19:33:19,550 [INFO] PluginManager:220 - loadIPPluginJar : add resmgrutility
2024-09-24 19:33:19,552 [INFO] IPUIPlugin:80 - create IPUIPlugin
2024-09-24 19:33:19,552 [INFO] PluginManager:220 - loadIPPluginJar : add sai
2024-09-24 19:33:19,554 [INFO] IPUIPlugin:80 - create IPUIPlugin
2024-09-24 19:33:19,554 [INFO] PluginManager:220 - loadIPPluginJar : add spi
2024-09-24 19:33:19,559 [INFO] IPUIPlugin:80 - create IPUIPlugin
2024-09-24 19:33:19,559 [INFO] PluginManager:220 - loadIPPluginJar : add stm32_wpan
2024-09-24 19:33:19,561 [INFO] IPUIPlugin:80 - create IPUIPlugin
2024-09-24 19:33:19,561 [INFO] PluginManager:220 - loadIPPluginJar : add tim
2024-09-24 19:33:19,564 [INFO] IPUIPlugin:80 - create IPUIPlugin
2024-09-24 19:33:19,564 [INFO] PluginManager:220 - loadIPPluginJar : add touchsensing
2024-09-24 19:33:19,566 [INFO] IPUIPlugin:80 - create IPUIPlugin
2024-09-24 19:33:19,567 [INFO] PluginManager:220 - loadIPPluginJar : add tracer_emb
2024-09-24 19:33:19,568 [INFO] IPUIPlugin:80 - create IPUIPlugin
2024-09-24 19:33:19,569 [INFO] PluginManager:220 - loadIPPluginJar : add ts
2024-09-24 19:33:19,570 [INFO] IPUIPlugin:80 - create IPUIPlugin
2024-09-24 19:33:19,570 [INFO] PluginManager:220 - loadIPPluginJar : add tsc
2024-09-24 19:33:19,571 [INFO] IPUIPlugin:80 - create IPUIPlugin
2024-09-24 19:33:19,572 [INFO] PluginManager:220 - loadIPPluginJar : add ucpd
2024-09-24 19:33:19,574 [INFO] IPUIPlugin:80 - create IPUIPlugin
2024-09-24 19:33:19,574 [INFO] PluginManager:220 - loadIPPluginJar : add usart
2024-09-24 19:33:19,576 [INFO] IPUIPlugin:80 - create IPUIPlugin
2024-09-24 19:33:19,576 [INFO] PluginManager:220 - loadIPPluginJar : add usbx
2024-09-24 19:33:19,702 [INFO] CADModel:165 - CPN selected for project level
2024-09-24 19:33:19,702 [INFO] CADModel:114 - Register for checkConnection events
2024-09-24 19:33:19,703 [FATAL] Updater:334 - Updater called before beeing initialized
2024-09-24 19:33:19,703 [ERROR] CADModel:125 - Updater not yet initialized, retry later 
2024-09-24 19:33:19,795 [INFO] CADModel:165 - CPN selected for project level
2024-09-24 19:33:19,795 [INFO] CADModel:114 - Register for checkConnection events
2024-09-24 19:33:19,795 [FATAL] Updater:334 - Updater called before beeing initialized
2024-09-24 19:33:19,795 [ERROR] CADModel:125 - Updater not yet initialized, retry later 
2024-09-24 19:33:19,797 [FATAL] Updater:334 - Updater called before beeing initialized
2024-09-24 19:33:19,885 [FATAL] Updater:334 - Updater called before beeing initialized
2024-09-24 19:33:19,888 [INFO] DbMcusAds:53 - JSON generation date=Fri Sep 20 16:04:23 TRT 2024 (1726837463113)
2024-09-24 19:33:19,888 [FATAL] Updater:334 - Updater called before beeing initialized
2024-09-24 19:33:19,915 [WARN] DetailPanel:346 - Failed to get advertising image, set to default
2024-09-24 19:33:19,982 [FATAL] Updater:334 - Updater called before beeing initialized
2024-09-24 19:33:19,983 [FATAL] Updater:334 - Updater called before beeing initialized
2024-09-24 19:33:19,983 [FATAL] Updater:334 - Updater called before beeing initialized
2024-09-24 19:33:19,983 [WARN] DetailPanel:346 - Failed to get advertising image, set to default
2024-09-24 19:33:19,984 [FATAL] Updater:334 - Updater called before beeing initialized
2024-09-24 19:33:20,020 [ERROR] Updater:1164 - MainUpdater not yet initialized. External WinMGr cannot be set.
2024-09-24 19:33:20,021 [INFO] Updater:1100 - Updater Version found : 6.12.1
2024-09-24 19:33:20,036 [INFO] ApplicationProperties:184 - Using Application install path: C:\ST\STM32CubeIDE_1.16.1\STM32CubeIDE\plugins\com.st.stm32cube.common.mx_6.12.1.202409122256
2024-09-24 19:33:20,408 [INFO] MainUpdater:2873 - connection check result : 10
2024-09-24 19:33:20,409 [INFO] MainUpdater:290 - Updater Check For Update Now.
2024-09-24 19:33:20,409 [INFO] MicroXplorer:498 - Change Database Version : DB.6.0.121
2024-09-24 19:33:20,414 [INFO] McuFinderGlobals:63 - Set McuFinder mode to 2 (CubeIDE integrated)
2024-09-24 19:33:20,414 [INFO] UserAuth:179 - activating auth plugin
2024-09-24 19:33:20,416 [INFO] UserAuth:417 - Internet connection configuration mode: 1
2024-09-24 19:33:20,427 [INFO] JxBrowserEngine:152 - Initiate JxBrowser Engine with user profile folder
2024-09-24 19:33:20,580 [INFO] CheckServerUpdateThread:120 - End of CheckServer Thread
2024-09-24 19:33:20,959 [INFO] WebApp:167 - Instantiating new browser for Auth
2024-09-24 19:33:21,473 [INFO] WebApp:448 - Apply proxy settings
2024-09-24 19:33:21,473 [INFO] WebApp:533 - Chromium requires no authentication
2024-09-24 19:33:21,479 [INFO] WebApp:476 - Direct internet connection detected
2024-09-24 19:33:21,495 [INFO] WebApp:869 - Register for checkConnection events
2024-09-24 19:33:21,495 [INFO] WebApp:448 - Apply proxy settings
2024-09-24 19:33:21,495 [INFO] WebApp:533 - Chromium requires no authentication
2024-09-24 19:33:21,496 [INFO] WebApp:476 - Direct internet connection detected
2024-09-24 19:33:21,609 [INFO] WebApp:220 - Starting web application
2024-09-24 19:33:21,609 [INFO] WebApp:578 - Web application path used C:\ST\STM32CubeIDE_1.16.1\STM32CubeIDE\plugins\com.st.stm32cube.common.mx_6.12.1.202409122256\db\plugins\mcufinder\reactClient1\index.html
2024-09-24 19:33:22,085 [INFO] WebApp:186 - Connection restablished
2024-09-24 19:33:22,219 [WARN] PackLoader:240 - Cannot read IP mode file for STMicroelectronics.FP-SNS-MOTENVWB1.1.4.0
2024-09-24 19:33:22,227 [WARN] PackLoader:240 - Cannot read IP mode file for STMicroelectronics.X-CUBE-SMBUS.2.1.0
2024-09-24 19:33:22,251 [WARN] PackLoader:240 - Cannot read IP mode file for STMicroelectronics.X-CUBE-AZRTOS-F7.1.1.0
2024-09-24 19:33:22,310 [WARN] PackLoader:240 - Cannot read IP mode file for STMicroelectronics.X-CUBE-MEMS1.11.0.0
2024-09-24 19:33:22,492 [WARN] PackLoader:240 - Cannot read IP mode file for STMicroelectronics.FP-SNS-FLIGHT1.5.0.2
2024-09-24 19:33:22,498 [WARN] PackLoader:240 - Cannot read IP mode file for STMicroelectronics.X-CUBE-DISPLAY.3.0.0
2024-09-24 19:33:22,504 [WARN] PackLoader:240 - Cannot read IP mode file for STMicroelectronics.X-CUBE-BLE1.7.0.0
2024-09-24 19:33:22,508 [WARN] PackLoader:240 - Cannot read IP mode file for emotas.I-CUBE-CANOPEN.1.3.0
2024-09-24 19:33:22,518 [WARN] PackLoader:240 - Cannot read IP mode file for STMicroelectronics.X-CUBE-BLEMGR.3.1.0
2024-09-24 19:33:22,524 [WARN] PackLoader:240 - Cannot read IP mode file for STMicroelectronics.FP-SNS-SMARTAG2.1.2.0
2024-09-24 19:33:22,531 [INFO] LogOutputStream:77 - [STDOUT_REDIRECT] 1 : Invalid condition id : UX_CORESTACK_Condition cause : null
2024-09-24 19:33:22,532 [INFO] LogOutputStream:77 - [STDOUT_REDIRECT] 1 : Invalid condition id : UX_CORESTACK_Condition cause : null
2024-09-24 19:33:22,533 [INFO] LogOutputStream:77 - [STDOUT_REDIRECT] 1 : Invalid condition id : UX_CORESTACK_Condition cause : null
2024-09-24 19:33:22,535 [INFO] LogOutputStream:77 - [STDOUT_REDIRECT] 1 : Invalid condition id : UX_CORESTACK_Condition cause : null
2024-09-24 19:33:22,536 [INFO] LogOutputStream:77 - [STDOUT_REDIRECT] 1 : Invalid condition id : UX_CORESTACK_Condition cause : null
2024-09-24 19:33:22,539 [WARN] PackLoader:240 - Cannot read IP mode file for STMicroelectronics.X-CUBE-AZRTOS-WL.2.0.0
2024-09-24 19:33:22,544 [WARN] PackLoader:240 - Cannot read IP mode file for STMicroelectronics.FP-SNS-MOTENV1.5.0.0
2024-09-24 19:33:22,549 [WARN] PackLoader:240 - Cannot read IP mode file for wolfSSL.I-CUBE-wolfMQTT.1.19.0
2024-09-24 19:33:22,555 [WARN] PackLoader:240 - Cannot read IP mode file for WES.I-CUBE-Cesium.1.3.0
2024-09-24 19:33:22,558 [WARN] PackLoader:240 - Cannot read IP mode file for STMicroelectronics.X-CUBE-BLE2.3.3.0
2024-09-24 19:33:22,562 [WARN] PackLoader:240 - Cannot read IP mode file for STMicroelectronics.X-CUBE-TCPP.4.1.0
2024-09-24 19:33:22,572 [WARN] PackLoader:240 - Cannot read IP mode file for STMicroelectronics.X-CUBE-AZRTOS-G0.1.1.0
2024-09-24 19:33:22,577 [WARN] PackLoader:240 - Cannot read IP mode file for STMicroelectronics.X-CUBE-SAFEA1.1.2.2
2024-09-24 19:33:22,582 [WARN] PackLoader:240 - Cannot read IP mode file for STMicroelectronics.X-CUBE-NFC4.3.0.0
2024-09-24 19:33:22,589 [WARN] PackLoader:240 - Cannot read IP mode file for EmbeddedOffice.I-CUBE-FS-RTOS.1.0.1
2024-09-24 19:33:22,589 [ERROR] ConditionMgr:805 - Attr not supported : Dmpu
2024-09-24 19:33:22,589 [ERROR] ConditionMgr:805 - Attr not supported : Dmpu
2024-09-24 19:33:22,589 [ERROR] ConditionMgr:805 - Attr not supported : Dmpu
2024-09-24 19:33:22,589 [ERROR] ConditionMgr:805 - Attr not supported : Dmpu
2024-09-24 19:33:22,589 [ERROR] ConditionMgr:805 - Attr not supported : Dmpu
2024-09-24 19:33:22,589 [ERROR] ConditionMgr:805 - Attr not supported : Dmpu
2024-09-24 19:33:22,589 [ERROR] ConditionMgr:805 - Attr not supported : Dmpu
2024-09-24 19:33:22,589 [ERROR] ConditionMgr:805 - Attr not supported : Dmpu
2024-09-24 19:33:22,589 [ERROR] ConditionMgr:805 - Attr not supported : Dmpu
2024-09-24 19:33:22,590 [ERROR] ConditionMgr:805 - Attr not supported : Dmpu
2024-09-24 19:33:22,590 [ERROR] ConditionMgr:805 - Attr not supported : Dmpu
2024-09-24 19:33:22,590 [ERROR] ConditionMgr:805 - Attr not supported : Dmpu
2024-09-24 19:33:22,590 [ERROR] ConditionMgr:805 - Attr not supported : Dmpu
2024-09-24 19:33:22,590 [ERROR] ConditionMgr:805 - Attr not supported : Dmpu
2024-09-24 19:33:22,590 [ERROR] ConditionMgr:805 - Attr not supported : Dmpu
2024-09-24 19:33:22,590 [ERROR] ConditionMgr:805 - Attr not supported : Dmpu
2024-09-24 19:33:22,590 [ERROR] ConditionMgr:805 - Attr not supported : Dmpu
2024-09-24 19:33:22,590 [ERROR] ConditionMgr:805 - Attr not supported : Dmpu
2024-09-24 19:33:22,590 [ERROR] ConditionMgr:805 - Attr not supported : Dmpu
2024-09-24 19:33:22,590 [ERROR] ConditionMgr:805 - Attr not supported : Dmpu
2024-09-24 19:33:22,590 [ERROR] ConditionMgr:805 - Attr not supported : Dmpu
2024-09-24 19:33:22,590 [ERROR] ConditionMgr:805 - Attr not supported : Dmpu
2024-09-24 19:33:22,590 [ERROR] ConditionMgr:805 - Attr not supported : Dmpu
2024-09-24 19:33:22,590 [ERROR] ConditionMgr:805 - Attr not supported : Dmpu
2024-09-24 19:33:22,591 [ERROR] ConditionMgr:805 - Attr not supported : Dmpu
2024-09-24 19:33:22,591 [ERROR] ConditionMgr:805 - Attr not supported : Dmpu
2024-09-24 19:33:22,591 [ERROR] ConditionMgr:805 - Attr not supported : Dmpu
2024-09-24 19:33:22,591 [ERROR] ConditionMgr:805 - Attr not supported : Dmpu
2024-09-24 19:33:22,591 [ERROR] ConditionMgr:805 - Attr not supported : Dmpu
2024-09-24 19:33:22,591 [ERROR] ConditionMgr:805 - Attr not supported : Dmpu
2024-09-24 19:33:22,591 [ERROR] ConditionMgr:805 - Attr not supported : Dmpu
2024-09-24 19:33:22,591 [ERROR] ConditionMgr:805 - Attr not supported : Dmpu
2024-09-24 19:33:22,591 [ERROR] ConditionMgr:805 - Attr not supported : Dmpu
2024-09-24 19:33:22,591 [ERROR] ConditionMgr:805 - Attr not supported : Dmpu
2024-09-24 19:33:22,591 [ERROR] ConditionMgr:805 - Attr not supported : Dmpu
2024-09-24 19:33:22,591 [ERROR] ConditionMgr:805 - Attr not supported : Dmpu
2024-09-24 19:33:22,591 [ERROR] ConditionMgr:805 - Attr not supported : Dmpu
2024-09-24 19:33:22,591 [ERROR] ConditionMgr:805 - Attr not supported : Dmpu
2024-09-24 19:33:22,591 [ERROR] ConditionMgr:805 - Attr not supported : Dmpu
2024-09-24 19:33:22,592 [ERROR] ConditionMgr:805 - Attr not supported : Dmpu
2024-09-24 19:33:22,592 [ERROR] ConditionMgr:805 - Attr not supported : Dmpu
2024-09-24 19:33:22,592 [ERROR] ConditionMgr:805 - Attr not supported : Dmpu
2024-09-24 19:33:22,592 [ERROR] ConditionMgr:805 - Attr not supported : Dmpu
2024-09-24 19:33:22,592 [ERROR] ConditionMgr:805 - Attr not supported : Dmpu
2024-09-24 19:33:22,592 [ERROR] ConditionMgr:805 - Attr not supported : Dmpu
2024-09-24 19:33:22,592 [ERROR] ConditionMgr:805 - Attr not supported : Dmpu
2024-09-24 19:33:22,592 [ERROR] ConditionMgr:805 - Attr not supported : Dmpu
2024-09-24 19:33:22,592 [ERROR] ConditionMgr:805 - Attr not supported : Dmpu
2024-09-24 19:33:22,592 [ERROR] ConditionMgr:805 - Attr not supported : Dmpu
2024-09-24 19:33:22,592 [ERROR] ConditionMgr:805 - Attr not supported : Dmpu
2024-09-24 19:33:22,592 [ERROR] ConditionMgr:805 - Attr not supported : Dmpu
2024-09-24 19:33:22,592 [ERROR] ConditionMgr:805 - Attr not supported : Dmpu
2024-09-24 19:33:22,592 [ERROR] ConditionMgr:805 - Attr not supported : Dmpu
2024-09-24 19:33:22,592 [ERROR] ConditionMgr:805 - Attr not supported : Dmpu
2024-09-24 19:33:22,593 [ERROR] ConditionMgr:805 - Attr not supported : Dmpu
2024-09-24 19:33:22,593 [ERROR] ConditionMgr:805 - Attr not supported : Dmpu
2024-09-24 19:33:22,593 [ERROR] ConditionMgr:805 - Attr not supported : Dmpu
2024-09-24 19:33:22,593 [ERROR] ConditionMgr:805 - Attr not supported : Dmpu
2024-09-24 19:33:22,593 [ERROR] ConditionMgr:805 - Attr not supported : Dmpu
2024-09-24 19:33:22,593 [ERROR] ConditionMgr:805 - Attr not supported : Dmpu
2024-09-24 19:33:22,593 [ERROR] ConditionMgr:805 - Attr not supported : Dmpu
2024-09-24 19:33:22,593 [ERROR] ConditionMgr:805 - Attr not supported : Dmpu
2024-09-24 19:33:22,593 [ERROR] ConditionMgr:805 - Attr not supported : Dmpu
2024-09-24 19:33:22,593 [ERROR] ConditionMgr:805 - Attr not supported : Dmpu
2024-09-24 19:33:22,597 [WARN] PackLoader:240 - Cannot read IP mode file for RealThread.X-CUBE-RT-Thread_Nano.4.1.1
2024-09-24 19:33:22,602 [WARN] PackLoader:240 - Cannot read IP mode file for STMicroelectronics.FP-ATR-SIGFOX1.3.2.0
2024-09-24 19:33:22,606 [WARN] PackLoader:240 - Cannot read IP mode file for wolfSSL.I-CUBE-wolfSSL.5.7.2
2024-09-24 19:33:22,613 [WARN] PackLoader:240 - Cannot read IP mode file for STMicroelectronics.X-CUBE-EEPRMA1.5.1.0
2024-09-24 19:33:22,620 [WARN] PackLoader:240 - Cannot read IP mode file for ITTIA_DB.I-CUBE-ITTIADB.8.9.0
2024-09-24 19:33:22,647 [WARN] PackLoader:240 - Cannot read IP mode file for SEGGER.I-CUBE-embOS.1.3.1
2024-09-24 19:33:22,684 [WARN] PackLoader:240 - Cannot read IP mode file for STMicroelectronics.X-CUBE-ALGOBUILD.1.4.0
2024-09-24 19:33:22,695 [WARN] PackLoader:240 - Cannot read IP mode file for STMicroelectronics.X-CUBE-AZRTOS-F4.1.1.0
2024-09-24 19:33:22,700 [WARN] PackLoader:240 - Cannot read IP mode file for STMicroelectronics.X-CUBE-ISPU.2.1.0
2024-09-24 19:33:22,704 [WARN] PackLoader:240 - Cannot read IP mode file for STMicroelectronics.X-CUBE-FREERTOS.1.2.0
2024-09-24 19:33:22,714 [WARN] PackLoader:240 - Cannot read IP mode file for STMicroelectronics.X-CUBE-AZRTOS-L5.2.0.0
2024-09-24 19:33:22,719 [WARN] PackLoader:240 - Cannot read IP mode file for STMicroelectronics.X-CUBE-NFC6.3.1.0
2024-09-24 19:33:22,723 [WARN] PackLoader:240 - Cannot read IP mode file for STMicroelectronics.X-CUBE-DPower.1.2.0
2024-09-24 19:33:22,726 [WARN] PackLoader:240 - Cannot read IP mode file for STMicroelectronics.X-CUBE-AI.9.0.0
2024-09-24 19:33:22,730 [WARN] PackLoader:240 - Cannot read IP mode file for STMicroelectronics.X-CUBE-NFC7.1.0.1
2024-09-24 19:33:22,742 [WARN] ConditionMgr:438 - getConditionDescription Invalid condition id : LAN8742 Phy interface Condition cause : null
2024-09-24 19:33:22,743 [WARN] PackLoader:240 - Cannot read IP mode file for STMicroelectronics.X-CUBE-AZRTOS-L4.2.0.0
2024-09-24 19:33:22,744 [WARN] ConditionMgr:1039 - genDependencies : Invalid condition id : LAN8742 Phy interface Condition cause : null
2024-09-24 19:33:22,744 [WARN] ConditionMgr:1039 - genDependencies : Invalid condition id : LAN8742 Phy interface Condition cause : null
2024-09-24 19:33:22,745 [WARN] ConditionMgr:1039 - genDependencies : Invalid condition id : LAN8742 Phy interface Condition cause : null
2024-09-24 19:33:22,750 [WARN] PackLoader:240 - Cannot read IP mode file for STMicroelectronics.X-CUBE-SFXS2LP1.4.0.0
2024-09-24 19:33:22,766 [WARN] PackLoader:240 - Cannot read IP mode file for STMicroelectronics.X-CUBE-AZRTOS-H7.3.3.0
2024-09-24 19:33:22,775 [WARN] ConditionMgr:438 - getConditionDescription Invalid condition id : UX DEVICE CLASS RTOS Condition cause : null
2024-09-24 19:33:22,776 [WARN] ConditionMgr:438 - getConditionDescription Invalid condition id : UX DEVICE CLASS RTOS Condition cause : null
2024-09-24 19:33:22,777 [WARN] PackLoader:240 - Cannot read IP mode file for STMicroelectronics.X-CUBE-AZRTOS-WB.2.0.0
2024-09-24 19:33:22,777 [WARN] ConditionMgr:1039 - genDependencies : Invalid condition id : UX DEVICE CLASS RTOS Condition cause : null
2024-09-24 19:33:22,778 [WARN] ConditionMgr:1039 - genDependencies : Invalid condition id : UX DEVICE CLASS RTOS Condition cause : null
2024-09-24 19:33:22,778 [WARN] ConditionMgr:1039 - genDependencies : Invalid condition id : UX DEVICE CLASS RTOS Condition cause : null
2024-09-24 19:33:22,778 [WARN] ConditionMgr:1039 - genDependencies : Invalid condition id : UX DEVICE CLASS RTOS Condition cause : null
2024-09-24 19:33:22,778 [WARN] ConditionMgr:1039 - genDependencies : Invalid condition id : UX DEVICE CLASS RTOS Condition cause : null
2024-09-24 19:33:22,782 [WARN] PackLoader:240 - Cannot read IP mode file for STMicroelectronics.X-CUBE-GNSS1.7.0.0
2024-09-24 19:33:22,787 [WARN] PackLoader:240 - Cannot read IP mode file for STMicroelectronics.FP-SNS-STBOX1.2.0.0
2024-09-24 19:33:22,795 [WARN] PackLoader:240 - Cannot read IP mode file for STMicroelectronics.X-CUBE-SUBG2.5.0.0
2024-09-24 19:33:22,801 [WARN] PackLoader:240 - Cannot read IP mode file for Cesanta.I-CUBE-Mongoose.7.13.0
2024-09-24 19:33:22,809 [WARN] PackLoader:240 - Cannot read IP mode file for STMicroelectronics.X-CUBE-AZRTOS-G4.2.0.0
2024-09-24 19:33:22,819 [WARN] PackLoader:240 - Cannot read IP mode file for STMicroelectronics.X-CUBE-ALS.1.0.2
2024-09-24 19:33:22,822 [WARN] PackLoader:240 - Cannot read IP mode file for STMicroelectronics.X-CUBE-TOUCHGFX.4.24.0
2024-09-24 19:33:22,825 [WARN] PackLoader:240 - Cannot read IP mode file for STMicroelectronics.X-CUBE-TOUCHGFX.4.24.1
2024-09-24 19:33:22,827 [WARN] PackLoader:240 - Cannot read IP mode file for wolfSSL.I-CUBE-wolfTPM.3.4.0
2024-09-24 19:33:22,830 [WARN] PackLoader:240 - Cannot read IP mode file for portGmbH.I-Cube-SoM-uGOAL.1.1.0
2024-09-24 19:33:22,843 [WARN] PackLoader:240 - Cannot read IP mode file for STMicroelectronics.X-CUBE-AZRTOS-H7RS.1.0.0
2024-09-24 19:33:22,847 [WARN] PackLoader:240 - Cannot read IP mode file for STMicroelectronics.FP-ATR-ASTRA1.2.0.0
2024-09-24 19:33:22,853 [WARN] PackLoader:240 - Cannot read IP mode file for STMicroelectronics.X-CUBE-TOF1.3.4.2
2024-09-24 19:33:22,873 [WARN] PackLoader:240 - Cannot read IP mode file for Infineon.AIROC-Wi-Fi-Bluetooth-STM32.1.6.1
2024-09-24 19:33:22,878 [WARN] PackLoader:240 - Cannot read IP mode file for wolfSSL.I-CUBE-wolfSSH.1.4.17
2024-09-24 19:33:22,879 [INFO] ThirdParty:978 - Integrity check success = true
2024-09-24 19:33:22,879 [INFO] IntegrityCheckThread:100 - exiting critical section [integrity check]
2024-09-24 19:33:22,879 [INFO] IntegrityCheckThread:103 - End integrity checks thread
2024-09-24 20:32:59,108 [ERROR] LogOutputStream:75 - [STDERR_REDIRECT] 
